University Admission year,Do you have meritorious scholarship ?,Do you use University transportation?,What is your preferable learning mode?,Do you have personal Computer?,Do you have any health issues?,Are you engaged with any co-curriculum activities?,How many hour do you study daily?,How many hour do you spent daily in social media?,Average attendance on class,Did you ever fall in probation?,Did you ever got suspension?,Do you attend in teacher consultancy for any kind of academical problems?,What was your previous SGPA?,Do you have any physical disabilities?,How many Credit did you have completed?,What is your monthly family income?,What is your current CGPA?
2018,1,0,0,1,1,1,3,5,55,0,0,1,2.68,0,75,25000,3.15
2021,1,1,1,1,1,1,3,3,62,1,0,0,2.68,0,36,100000,3.15
2020,0,0,0,1,1,0,3,3,45,0,0,1,2.68,0,50,50000,3.15
2021,1,0,0,1,2,0,1,2,53,0,0,1,2.68,0,36,62488,3.15
2021,1,0,1,1,2,0,3,2,45,0,0,1,2.68,0,36,50000,3.15
2021,1,1,0,1,1,1,2,1,61,0,0,1,2.68,0,36,30000,3.15
2021,1,0,1,1,2,0,2,2,45,0,0,0,2.68,0,36,20000,3.15
2021,1,0,0,1,1,0,2,2,2,1,0,1,3.8,0,35,32500,3.64
2021,1,0,0,1,1,0,3,2,55,0,0,0,2.68,0,36,20000,3.15
2021,1,1,0,1,1,0,5,2,2,0,0,1,2.68,0,36,25000,3.15
2021,1,1,1,1,1,1,3,3,55,0,0,1,2.68,0,36,50000,3.15
2021,0,0,0,1,2,0,3,2,55,0,0,0,3.4,0,35,20000,3.53
2021,0,1,0,1,1,0,1,1,2,0,0,1,2.68,0,36,50000,3.15
2021,1,0,0,1,1,0,3,1,55,0,0,0,2.68,0,36,24000,3.15
2021,0,1,0,1,1,0,2,1,63,0,0,0,2.68,0,36,70000,3.15
2021,1,1,0,1,1,1,2,1,61,0,0,1,3.93,0,35,30000,3.89
2021,1,1,1,1,1,1,5,1,61,0,0,1,2.68,0,36,40000,3.15
2021,1,0,0,1,1,0,5,2,63,0,0,0,2.68,0,36,50000,3.15
2021,1,0,1,1,1,0,1,3,36,0,0,1,3.1,0,35,62488,3.5
2021,0,1,1,1,1,0,3,2,36,1,0,1,2.68,0,36,20000,3.15
2021,1,0,0,1,1,1,3,2,62,0,0,1,3.81,0,34,30000,3.65
2021,1,0,0,1,1,0,3,2,45,1,0,0,2.68,0,36,50000,3.15
2021,1,0,0,1,1,1,2,2,64,0,0,1,2.68,0,36,20000,3.15
2020,0,1,0,1,1,1,6,3,61,0,0,0,2.68,0,36,25000,3.15
2021,1,1,1,1,2,1,1,1,50,0,0,1,3.89,0,35,35000,3.81
2021,0,0,0,1,1,0,3,1,63,0,0,1,3.79,0,39,50000,3.82
2021,0,0,0,0,1,1,4,3,61,0,0,0,2.68,0,36,4000,3.15
2021,1,1,1,1,2,1,2,4,36,1,0,1,3.55,0,35,40000,3.48
2021,1,1,1,1,2,1,2,2,61,0,0,1,3.28,0,36,8000,3.32
2021,1,0,0,1,1,1,3,2,2,0,0,1,2.68,0,36,47972,3.15
2022,1,1,1,1,1,0,3,4,55,0,0,1,2.68,0,11,30000,3.15
2022,1,1,0,1,1,1,4,2,61,0,0,1,2.68,0,11,90000,3.15
2022,0,0,0,1,1,0,5,2,55,0,0,0,2.68,0,11,30000,3.15
2021,1,0,0,1,1,1,8,2,2,0,0,0,2.68,0,36,37000,3.15
2022,1,1,0,1,1,1,1,2,61,0,0,0,2.68,0,11,35000,3.15
2022,1,1,1,0,1,1,3,1,45,0,0,0,2.68,0,11,50000,3.15
2022,1,0,0,1,1,0,2,3,65,0,0,1,2.68,0,11,30000,3.15
2019,0,0,1,1,2,0,2,5,36,1,0,1,2.68,0,126,20000,3.15
2022,1,1,0,1,1,0,4,4,2,0,0,1,2.68,0,11,80000,3.15
2021,1,1,0,1,1,1,5,3,64,0,0,1,2.68,0,11,40000,3.15
2022,1,0,0,1,1,0,5,6,2,0,0,1,2.68,0,11,20000,3.15
2022,0,0,0,1,1,1,3,2,63,0,0,1,2.68,0,11,10000,3.15
2022,1,1,0,1,1,0,3,1,64,0,0,1,2.68,0,11,10000,3.15
2022,1,1,1,1,1,1,5,6,55,0,0,1,2.68,0,11,40000,3.15
2022,1,1,1,1,1,1,4,2,55,0,0,1,2.68,0,11,40000,3.15
2022,1,0,0,1,1,0,4,1,61,0,0,1,2.68,0,11,25000,3.15
2022,1,0,0,1,1,1,5,3,61,0,0,1,2.68,0,11,20000,3.15
2022,1,1,1,1,1,1,1,1,55,0,0,0,2.68,0,11,22000,3.15
2021,0,0,0,1,1,0,2,3,65,0,0,0,3.78,0,36,200000,3.88
2022,1,0,0,1,2,0,7,5,55,0,0,1,2.68,0,11,39000,3.15
2022,1,1,1,1,1,0,2,3,55,0,0,0,2.68,0,11,30000,3.15
2022,1,1,0,1,1,1,2,2,53,0,0,0,4.0,0,11,20000,4.0
2022,1,1,0,1,1,1,5,1,61,0,0,1,2.68,0,11,30000,3.15
2022,1,0,0,1,1,0,3,2,2,0,0,0,3.9,0,12,60000,3.9
2022,1,1,0,1,1,0,2,1,2,0,0,1,2.68,0,11,40000,3.15
2022,0,1,1,1,2,1,1,7,45,0,0,1,2.68,0,11,32000,3.15
2021,1,0,0,1,1,0,1,2,2,0,0,0,2.68,0,11,30000,3.15
2021,1,1,0,1,1,1,1,1,64,0,0,0,2.68,0,11,40000,3.15
2022,1,1,1,1,1,0,4,3,50,0,0,1,2.68,0,11,30000,3.15
2021,1,1,0,1,1,1,2,4,65,0,0,0,2.68,0,11,40000,3.15
2022,1,1,0,1,1,0,1,4,40,0,0,1,2.68,0,11,35000,3.15
2021,1,1,0,1,1,0,3,4,50,0,0,1,2.68,0,36,40000,3.15
2019,0,1,0,1,1,1,1,2,2,0,0,0,2.68,0,126,15000,3.15
2020,1,0,0,1,1,0,3,5,61,0,0,1,3.84,0,80,23000,3.8
2020,0,1,0,1,1,1,3,2,61,0,0,1,2.68,0,88,62488,3.15
2018,1,0,0,1,1,1,2,4,36,0,0,1,3.31,0,132,350000,3.52
2020,0,0,1,1,1,0,3,4,2,0,0,1,2.68,0,88,50000,3.15
2022,1,0,1,1,1,0,3,2,61,0,0,1,2.68,0,11,40000,3.15
2022,0,0,0,1,1,0,3,2,2,0,0,1,2.68,0,11,35000,3.15
2020,1,1,0,1,1,0,3,2,45,0,0,1,2.68,0,88,35000,3.15
2022,0,0,1,1,1,1,8,1,2,0,0,1,2.68,0,11,30000,3.15
2020,1,1,1,1,1,0,2,1,55,0,0,1,2.68,0,88,40000,3.15
2022,1,1,0,1,1,1,4,1,61,0,0,1,2.68,0,11,35000,3.15
2020,0,1,1,1,2,0,1,2,61,0,0,0,2.68,0,88,40000,3.15
2018,0,1,0,1,1,1,2,3,45,1,0,1,2.68,0,136,30000,3.15
2020,0,0,1,1,1,1,3,1,2,0,0,0,2.68,0,88,35000,3.15
2020,0,1,0,1,1,0,4,2,61,0,0,1,2.68,0,88,25000,3.15
2022,1,1,0,0,2,1,5,2,65,0,0,1,2.68,0,11,600000,3.15
2022,1,1,0,1,1,0,4,4,2,0,0,1,2.68,0,11,35000,3.15
2020,1,0,0,1,1,0,1,5,45,0,0,1,3.49,0,71,40000,3.67
2020,0,0,1,1,1,0,4,2,2,0,0,1,3.07,0,85,20000,2.74
2019,0,1,0,1,1,0,3,8,50,0,0,1,2.68,0,88,20000,3.15
2019,0,1,0,1,1,0,3,1,61,0,0,1,3.76,0,83,92000,3.5
2020,0,1,0,1,1,0,3,1,64,0,0,0,2.7,0,80,35000,2.8
2020,0,0,0,1,1,0,2,2,61,0,0,0,2.68,0,88,20000,3.15
2020,0,1,1,1,1,1,1,1,65,0,0,1,2.68,0,88,15000,3.15
2020,1,1,1,1,1,1,2,1,62,0,0,0,2.68,0,88,30000,3.15
2022,0,1,0,1,1,1,3,1,61,0,0,1,3.65,0,11,45000,3.15
2020,0,1,0,1,1,0,1,15,2,0,0,1,2.68,0,88,90000,3.15
2020,0,0,0,1,1,0,2,2,45,0,0,0,2.68,0,88,35000,3.15
2020,1,1,1,1,1,0,2,3,61,0,0,0,2.68,0,88,20000,3.15
2021,1,1,0,1,1,1,4,2,53,0,0,1,2.68,0,11,100000,3.15
2019,1,0,0,1,1,1,6,3,2,0,0,0,3.84,0,73,30000,3.1
2022,0,0,0,1,1,0,2,6,45,1,0,0,2.68,0,11,70000,3.15
2018,0,1,1,1,1,0,2,4,55,1,0,0,2.68,0,113,40000,3.15
2022,1,0,0,1,1,1,2,1,2,0,0,1,2.68,0,11,10000,3.15
2021,1,1,0,1,1,0,2,2,47,0,0,1,2.68,0,36,40000,3.15
2021,1,1,0,1,1,0,1,1,55,0,0,0,2.68,0,36,20000,3.15
2021,0,0,0,1,1,1,3,1,64,0,0,0,2.68,0,50,22000,3.15
2019,0,1,1,1,2,0,3,1,50,1,0,1,2.68,0,126,45000,3.15
2020,0,1,0,1,1,0,4,3,55,0,0,1,2.68,0,88,40000,3.15
2022,1,1,0,1,2,0,2,5,55,0,0,1,2.68,0,11,50000,3.15
2020,1,0,0,1,1,0,3,4,55,0,0,1,2.68,0,88,50000,3.15
2018,0,0,0,1,1,0,2,6,53,1,0,1,2.68,0,112,30000,3.15
2022,1,0,0,1,1,0,3,1,61,0,0,1,2.68,0,11,40000,3.15
2021,1,0,0,0,1,1,1,1,61,0,0,1,3.5,0,35,30000,3.58
2021,1,1,0,1,1,1,4,1,55,0,0,0,3.38,0,27,40000,3.82
2020,0,0,0,1,1,0,2,1,55,1,1,1,2.68,0,88,30000,3.15
2019,0,0,1,1,1,0,9,1,53,1,0,0,2.68,0,113,62488,3.15
2022,1,1,0,1,1,1,3,2,2,0,0,1,2.68,0,11,35000,3.15
2022,1,0,0,1,1,0,1,10,45,1,0,0,2.68,0,36,100000,3.15
2021,1,0,0,1,1,0,3,3,45,0,0,1,2.68,0,36,30000,3.15
2019,0,0,0,1,1,1,2,3,57,1,0,1,1.89,0,86,20000,2.69
2021,1,0,0,0,1,1,7,3,55,0,0,1,3.7,0,35,62488,3.77
2022,1,0,0,1,1,1,4,2,61,0,0,1,2.68,0,11,30000,3.15
2022,1,0,0,1,1,0,5,3,61,0,0,0,2.68,0,11,20000,3.15
2019,1,0,0,1,2,0,2,2,36,1,0,0,0.0,0,91,30000,2.53
2019,0,1,1,0,2,0,3,2,65,0,0,1,2.68,0,100,20000,3.15
2018,0,0,0,1,1,1,2,4,20,1,1,1,2.2,0,110,60000,2.66
2017,1,0,0,1,2,0,1,4,2,1,0,1,2.6,0,90,62488,2.6
2019,0,1,0,1,2,0,3,3,61,0,0,1,2.7,0,120,150000,2.91
2018,0,0,1,1,1,1,2,1,55,1,1,1,2.87,0,120,30000,2.99
2021,0,0,0,1,1,0,4,1,61,1,0,0,2.68,0,50,25000,3.15
2019,0,1,1,1,1,1,2,4,36,0,0,1,2.68,0,100,200000,3.15
2015,0,0,0,1,2,0,1,1,50,1,0,0,2.68,1,77,50000,3.15
2019,0,0,1,1,1,0,3,1,65,0,0,0,2.68,0,100,40000,3.15
2019,0,1,0,1,2,1,1,1,36,0,0,0,2.7,0,76,15000,2.92
2019,0,1,0,1,1,0,2,1,39,0,0,1,2.68,0,126,75000,3.15
2019,0,0,1,1,2,0,2,1,2,1,1,1,2.68,0,126,40000,3.15
2018,0,1,0,1,2,0,3,1,36,1,0,0,2.98,1,118,20000,2.96
2019,0,0,0,1,1,0,1,2,40,0,0,1,2.68,0,126,40000,3.15
2021,1,0,0,1,2,1,5,7,45,0,0,0,2.68,0,11,62488,3.15
2019,0,0,0,1,1,0,6,2,53,0,0,1,2.68,0,100,62488,3.15
2019,0,0,0,1,1,0,3,2,65,0,0,0,3.52,0,100,15000,2.9
2020,1,1,0,1,1,1,4,3,2,0,0,1,3.48,0,68,20000,3.08
2016,1,1,1,1,1,1,2,3,55,1,0,1,2.68,0,126,63000,3.15
2019,1,1,1,1,1,0,1,3,45,0,0,0,2.68,0,126,50000,3.15
2020,0,0,1,1,1,0,2,5,55,1,0,0,2.68,0,65,40000,3.15
2018,0,0,1,1,1,1,6,2,3,1,0,1,3.16,0,121,60000,2.68
2021,0,0,0,1,1,0,2,1,52,1,0,1,1.92,0,39,60000,2.42
2021,0,1,0,1,2,0,2,2,45,0,0,1,2.68,0,36,30000,3.15
2015,0,1,1,1,1,0,5,6,20,1,0,1,2.68,0,113,7000,3.15
2019,0,0,1,1,1,0,8,4,65,0,0,1,2.68,0,126,20000,3.15
2022,0,1,0,1,1,0,3,1,65,0,0,0,2.68,0,11,20000,3.15
2020,0,1,0,1,1,0,1,5,36,1,0,1,2.68,0,77,20000,3.15
2022,1,1,1,1,1,1,7,1,2,0,0,1,2.68,0,11,30000,3.15
2018,0,0,0,1,1,0,2,1,40,1,1,1,2.68,0,136,35000,3.15
2020,1,0,0,1,1,0,6,6,2,0,0,1,2.68,0,88,62488,3.15
2017,0,0,0,1,1,0,2,1,2,0,0,1,2.68,0,88,60000,3.15
2022,0,1,0,0,1,0,4,2,53,0,0,1,2.68,0,11,60000,3.15
2021,1,1,0,1,1,1,2,2,45,0,0,1,2.68,0,36,50000,3.15
2015,0,1,1,1,2,1,2,3,45,1,1,0,2.68,0,77,30000,3.15
2019,0,1,0,1,1,0,5,3,55,0,0,1,3.29,0,114,28000,3.23
2019,0,1,0,1,1,1,3,3,2,0,0,1,2.68,0,126,60000,3.15
2017,0,0,0,1,1,0,2,1,2,1,0,1,2.68,0,136,90000,3.15
2017,0,0,1,1,1,0,3,3,45,1,0,1,2.68,0,113,200000,3.15
2020,0,0,0,1,1,1,4,1,2,0,0,0,2.68,0,88,50000,3.15
2019,0,1,0,1,2,0,3,5,45,1,0,0,2.0,0,77,4000,2.22
2022,1,1,0,1,1,0,3,3,55,0,0,1,2.68,0,11,40000,3.15
2019,0,0,0,1,2,0,5,3,45,1,0,1,3.3,0,105,80000,3.24
2019,0,1,1,1,2,0,3,2,55,0,0,1,2.68,0,113,35000,3.15
2019,0,0,1,1,1,0,1,12,55,0,0,1,3.01,0,79,65000,2.76
2018,0,0,0,1,1,0,4,2,63,0,0,1,2.68,0,136,20000,3.15
2019,0,0,0,1,1,0,3,3,61,0,0,1,3.2,0,103,40000,3.3
2018,0,0,1,1,1,1,3,2,45,1,0,1,2.68,0,136,100000,3.15
2022,1,0,0,1,1,0,4,6,55,0,0,1,2.68,0,11,50000,3.15
2018,1,0,0,1,1,0,1,1,55,0,0,0,2.68,0,136,20000,3.15
2022,1,1,0,1,1,1,3,4,55,0,0,1,2.68,0,11,30000,3.15
2020,0,1,0,1,1,1,3,4,12,1,1,1,2.4,0,70,60000,2.4
2020,0,0,1,1,1,1,4,2,55,0,0,0,2.68,0,88,50000,3.15
2021,1,1,0,1,1,1,4,2,55,0,0,0,2.16,0,35,40000,2.75
2019,1,0,0,1,1,0,8,3,55,0,0,1,2.68,0,100,40000,3.15
2020,1,1,0,1,1,1,5,2,19,1,0,1,2.68,0,88,12000,3.15
2021,0,0,0,1,1,0,5,2,63,1,0,1,0.0,0,46,50000,2.31
2021,0,1,0,1,2,0,2,3,45,0,0,0,1.75,1,50,50000,2.51
2020,0,0,0,0,1,0,4,4,55,0,0,1,2.68,0,88,10000,3.15
2020,0,0,0,1,1,0,2,4,55,1,0,0,2.68,0,88,50000,3.15
2022,1,0,1,1,1,0,3,0,57,0,1,1,2.68,0,11,100000,3.15
2019,0,0,1,1,2,1,6,2,2,0,0,0,2.68,0,88,30000,3.15
2020,1,1,0,1,1,0,2,4,53,0,0,0,2.68,0,88,40000,3.15
2022,1,1,0,1,1,1,1,6,61,0,0,0,2.68,0,0,50000,3.15
2020,0,0,0,1,1,0,3,2,64,0,0,1,2.6,0,75,500000,2.81
2021,1,0,0,1,1,0,7,1,55,0,0,0,3.33,0,33,40000,3.5
2021,0,0,0,1,1,1,3,2,55,0,0,0,4.0,0,34,40000,3.92
2021,1,1,0,1,1,1,6,2,2,0,0,1,3.25,0,11,30000,3.25
2019,1,0,0,1,1,1,1,1,2,0,0,1,3.46,0,102,40000,3.1
2022,1,0,0,1,1,0,1,2,50,0,0,0,3.73,0,11,20000,3.73
2014,0,1,1,1,1,0,3,1,2,1,0,1,2.0,0,80,25000,2.0
2019,1,1,0,1,1,1,2,5,45,0,0,1,3.78,0,132,20000,3.56
2017,1,1,0,1,1,1,6,1,2,0,0,1,3.42,0,136,50000,3.02
2018,0,0,1,1,2,0,4,5,61,1,0,1,3.5,0,122,15000,3.2
2022,1,0,0,1,1,1,2,3,55,0,0,1,3.26,0,11,22000,3.26
2022,1,1,0,1,1,0,2,2,36,1,0,0,3.9,0,12,25000,3.8
2019,1,1,1,1,1,0,2,5,61,0,0,0,3.7,0,105,50000,3.68
2019,0,0,0,1,1,0,3,3,2,0,0,0,3.82,0,78,30000,3.65
2019,1,0,0,1,1,1,5,5,65,0,0,0,3.85,0,126,100000,3.72
2016,0,1,0,1,1,1,2,3,61,1,0,1,3.1,0,133,20000,2.84
2022,1,0,1,0,1,0,2,6,55,0,0,1,2.67,0,12,35000,2.67
2019,0,1,0,1,1,0,3,1,45,0,0,0,3.82,0,84,30000,3.6
2022,1,1,0,1,1,1,4,2,2,0,0,0,3.72,0,11,40000,3.72
2019,0,1,0,1,1,0,2,2,55,0,0,1,3.51,0,125,40000,3.56
2020,0,0,1,0,2,0,8,4,55,0,0,1,3.48,0,75,40000,3.35
2019,0,0,0,1,1,0,3,20,55,0,0,1,2.65,0,121,50000,2.99
2019,0,1,1,1,1,1,6,2,2,0,0,1,3.72,0,131,62488,3.42
2021,1,0,1,0,1,0,3,3,50,1,0,1,1.96,0,11,62488,1.96
2019,1,1,0,1,1,1,2,1,61,0,0,1,3.38,0,120,50000,3.6
2018,0,1,1,1,1,1,7,2,45,1,0,0,2.8,0,130,18000,2.8
2019,0,0,1,1,2,0,5,4,2,0,0,1,3.36,0,100,40000,3.59
2020,0,0,0,1,1,0,2,4,50,0,0,1,3.33,0,80,62488,3.1
2017,0,0,1,1,2,1,1,2,55,1,0,1,2.11,1,126,80000,2.54
2021,0,0,0,1,2,0,1,6,22,0,0,1,2.83,0,37,20000,3.05
2021,1,1,1,1,1,1,3,4,53,1,0,0,2.2,0,30,62488,2.2
2019,0,1,0,1,1,1,6,6,64,0,0,1,3.2,0,110,50000,3.22
2019,0,0,0,1,1,1,4,1,36,1,0,1,2.81,0,104,12000,3.2
2022,0,0,0,1,1,1,5,2,2,0,0,0,3.48,0,11,20000,3.48
2022,1,0,0,1,2,0,5,6,55,0,0,0,4.0,0,11,50000,0.0
2022,1,1,0,1,1,0,2,6,2,1,0,0,4.0,0,14,62488,4.0
2019,1,1,0,1,1,0,4,6,55,0,0,0,3.7,0,89,50000,3.5
2022,1,1,0,0,1,1,3,6,2,0,0,1,0.0,0,11,25000,0.0
2022,1,1,0,1,1,0,4,5,55,0,0,0,3.68,0,11,25000,0.0
2022,1,0,0,1,1,0,5,2,61,0,0,0,3.3,0,11,50000,3.3
2018,0,0,1,1,1,1,4,2,53,0,0,1,3.85,0,115,62488,3.1
2019,1,0,1,1,1,0,2,3,55,0,0,1,4.0,0,120,50000,3.78
2018,0,0,0,1,1,1,4,1,63,0,0,0,2.98,0,136,20000,2.91
2020,1,1,0,1,1,1,5,15,2,0,0,0,3.64,0,88,34000,3.75
2022,1,0,0,1,1,0,6,1,61,0,0,0,3.56,0,11,10000,3.58
2019,0,1,0,1,1,0,1,2,32,0,0,1,1.68,0,120,30000,3.1
2022,0,1,1,1,1,0,3,5,45,0,0,0,2.54,0,11,40000,2.54
2022,0,0,0,1,1,0,7,1,61,0,0,0,3.9,0,11,50000,3.9
2019,1,1,0,1,1,0,6,3,55,0,0,1,3.84,0,99,60000,3.77
2019,1,1,0,1,2,1,1,1,36,0,0,1,3.68,0,117,16000,3.39
2018,1,1,0,1,1,0,2,2,61,0,0,0,3.14,0,101,40000,3.14
2019,0,0,0,1,1,0,4,4,61,0,0,1,3.69,0,125,30000,3.23
2017,0,0,1,1,1,0,3,1,61,0,0,1,2.73,0,110,25000,3.08
2019,0,0,1,1,1,0,2,1,45,0,0,0,3.48,0,123,62488,3.0
2022,1,1,1,1,1,1,5,12,40,0,0,1,2.61,0,11,40000,2.61
2022,0,0,0,1,1,1,7,2,2,0,0,1,0.0,0,0,70000,0.0
2018,0,0,0,1,1,1,1,2,53,1,0,1,2.8,0,84,50000,2.68
2020,0,0,0,1,1,0,1,1,55,1,0,1,1.52,0,70,36000,2.15
2020,0,0,0,1,1,1,2,3,50,0,0,1,3.12,0,83,30000,3.08
2018,0,0,0,1,1,0,5,1,55,0,0,1,3.68,0,118,20000,3.33
2019,1,0,1,0,1,0,4,1,50,1,1,1,2.25,0,103,20000,2.64
2019,1,0,1,1,1,0,1,1,55,0,0,1,3.5,0,126,100000,3.43
2022,1,1,0,0,1,0,6,1,2,0,0,1,0.0,0,0,50000,0.0
2020,1,0,1,1,1,0,2,1,55,0,0,0,3.36,0,88,20000,3.72
2022,1,0,0,1,1,0,1,4,65,0,0,0,3.83,0,11,35000,3.83
2019,0,1,1,1,1,0,4,1,55,0,0,1,1.98,0,104,25000,2.98
2021,0,1,0,1,2,0,3,2,64,0,0,0,3.37,1,11,62488,3.37
2022,1,1,1,1,1,1,3,3,53,0,0,1,3.15,0,11,62488,3.15
2022,1,0,0,0,1,0,5,3,53,0,0,0,0.0,0,0,30000,0.0
2022,1,1,0,1,1,1,1,1,2,0,0,0,0.0,0,0,150000,0.0
2022,1,0,0,1,1,1,4,3,64,0,0,1,0.0,0,0,50000,0.0
2017,0,0,1,1,1,0,3,3,55,0,0,1,2.79,0,133,30000,2.84
2021,1,0,0,1,1,1,5,2,61,0,0,1,3.52,0,23,62488,3.65
2021,1,1,1,1,1,0,1,2,55,0,0,1,3.85,0,35,35000,3.79
2019,1,0,1,1,2,1,4,5,36,1,0,0,3.01,0,120,90000,2.89
2021,1,0,0,1,1,0,3,2,55,0,0,1,3.18,0,24,80000,3.18
2021,1,1,0,1,1,1,5,5,2,0,0,1,3.72,0,26,60000,3.89
2021,1,1,1,0,2,0,3,10,36,0,0,1,2.8,0,40,500000,2.9
2021,1,0,1,1,1,0,2,3,55,0,0,1,3.42,0,23,50000,3.56
2021,1,0,0,1,1,0,3,3,50,0,0,0,2.49,0,25,40000,3.03
2021,0,1,0,1,1,0,2,3,61,0,0,1,2.68,0,23,100000,3.15
2021,1,1,0,1,2,0,3,2,55,0,0,1,3.86,0,49,20000,3.67
2022,1,1,0,1,1,0,3,1,2,0,0,1,0.0,0,0,30000,0.0
2021,1,1,1,1,1,1,6,2,55,0,0,0,3.82,0,55,50000,3.7
2021,1,0,1,1,1,0,2,2,40,0,0,1,3.58,0,23,40000,3.1
2021,0,0,0,1,1,0,5,2,64,0,0,1,2.57,0,45,30000,2.8
2021,1,0,0,1,2,1,5,2,61,0,0,1,3.86,0,23,40000,3.92
2022,0,0,0,1,1,1,3,3,45,0,0,1,4.0,0,11,40000,4.0
2022,1,1,0,1,1,1,1,7,45,0,0,0,0.0,0,0,60000,0.0
2020,0,0,1,1,1,1,1,2,55,1,0,0,3.1,0,65,40000,3.4
2022,0,0,0,1,1,1,6,4,2,0,0,1,0.0,0,0,40000,0.0
2021,1,0,0,1,2,0,1,1,61,0,0,1,3.68,0,24,45000,3.65
2022,1,1,0,1,1,0,7,3,3,0,0,1,3.4,0,11,40000,3.4
2022,1,0,0,1,1,1,8,2,2,0,0,1,0.0,0,0,10000,0.0
2021,1,1,0,1,2,0,3,2,36,0,0,1,2.45,0,25,50000,2.95
2015,0,1,0,1,1,0,2,3,45,1,0,1,2.4,0,130,62488,2.89
2021,1,1,0,1,1,1,4,1,65,0,0,1,3.47,0,23,50000,3.2
2019,0,1,0,1,1,0,2,1,52,0,0,0,2.53,0,115,37000,3.05
2021,1,1,0,0,2,1,1,3,20,1,0,1,2.56,0,26,45000,2.72
2022,0,0,0,1,1,1,4,3,2,0,0,0,0.0,0,0,100000,0.0
2020,0,0,1,1,1,1,2,1,45,1,0,0,2.36,0,65,35000,2.56
2022,0,0,0,1,1,1,2,1,2,0,0,1,0.0,0,0,400006,0.0
2022,1,1,1,1,1,1,1,2,2,0,0,0,0.0,0,0,70000,0.0
2022,1,1,0,1,1,0,4,2,2,1,1,1,2.68,1,11,20000,3.15
2021,1,1,1,1,1,0,2,1,55,0,0,1,3.19,1,24,40000,2.73
2019,0,0,1,1,2,0,2,1,53,1,1,1,2.11,1,25,30000,2.13
2019,0,1,0,1,1,0,6,2,64,0,0,0,3.1,0,107,60000,3.07
2021,1,0,0,1,1,1,4,5,61,0,0,0,3.28,0,25,70000,3.0
2022,1,1,0,1,1,0,1,2,2,0,0,0,3.15,0,11,35000,3.15
2022,1,0,0,1,1,1,5,3,55,0,0,1,3.6,0,14,10000,3.6
2021,1,0,0,1,1,0,3,1,55,0,0,1,3.75,0,24,50000,3.7
2021,0,0,1,1,1,1,1,3,55,0,0,0,3.85,0,34,40000,3.92
2021,1,1,0,1,1,0,3,2,55,0,0,0,2.68,0,23,100000,2.68
2021,1,0,1,1,1,0,3,1,65,0,0,1,3.18,0,11,62488,3.18
2019,1,0,0,1,1,0,2,1,55,0,0,1,3.39,0,128,5000,3.4
2021,0,0,1,1,2,0,4,4,2,0,0,1,2.98,0,25,60000,3.38
2021,0,0,0,1,1,0,9,3,63,1,0,0,3.7,0,23,50000,3.15
2018,0,1,0,1,1,0,1,2,45,1,0,1,3.25,0,130,40000,2.95
2021,0,1,1,1,1,0,2,3,50,0,0,0,3.03,0,25,30000,3.21
2021,0,0,0,1,1,0,2,3,61,0,0,0,3.1,0,48,50000,3.18
2022,1,1,0,1,1,0,2,3,64,0,0,1,3.7,0,12,120000,3.7
2022,1,1,0,1,1,1,9,6,36,1,0,1,4.0,0,12,30000,4.0
2021,1,1,0,1,1,1,1,2,50,0,0,1,3.18,0,23,62488,3.45
2021,1,1,0,1,1,0,2,3,2,0,0,1,3.61,0,25,40000,3.74
2021,1,0,1,1,1,0,2,0,36,0,0,0,3.01,0,23,70000,3.22
2021,0,1,0,1,2,0,2,5,45,0,0,0,3.26,0,23,40000,3.36
2016,1,0,0,1,1,1,1,2,2,0,0,0,3.6,0,130,300000,3.72
2021,0,0,0,1,2,0,2,5,2,0,0,0,3.12,0,23,50000,3.01
2022,1,0,0,1,1,1,4,2,2,0,0,1,3.93,0,11,50000,3.93
2021,1,0,1,1,1,1,5,6,61,1,0,0,3.0,0,23,150000,3.55
2019,0,0,1,1,1,1,1,3,36,1,0,1,1.61,0,40,25000,2.44
2020,1,1,1,1,1,0,1,3,45,0,0,0,2.79,0,50,40000,3.15
2021,0,0,0,0,1,0,2,3,64,0,0,0,3.83,0,25,40000,3.4
2018,1,1,1,1,1,0,3,2,2,0,0,1,3.58,0,130,62488,3.27
2021,1,1,0,1,1,0,3,4,2,0,0,1,3.39,0,25,70000,3.19
2021,1,0,0,1,1,0,3,2,2,0,0,0,3.38,0,23,25000,3.37
2021,1,0,0,1,2,0,3,1,2,0,0,1,3.03,0,23,30000,3.15
2022,0,0,0,1,1,1,3,1,2,0,0,1,0.0,0,0,40000,0.0
2021,1,1,0,1,1,1,1,1,61,0,0,1,3.65,0,30,40000,3.7
2019,0,1,0,1,2,0,3,2,45,0,0,1,3.18,0,90,30000,2.69
2022,1,1,0,1,1,1,3,2,2,0,0,1,3.78,0,90,30000,3.15
2020,1,1,0,1,1,1,1,4,36,0,0,0,2.56,0,90,30000,3.38
2021,1,0,0,1,2,0,2,12,55,0,0,0,2.94,0,24,45000,3.1
2021,0,0,0,1,1,0,3,4,42,1,0,1,2.36,0,23,80000,2.88
2022,1,0,1,0,1,0,3,5,2,0,0,1,3.8,0,11,30000,3.8
2021,1,0,0,1,1,0,0,15,45,1,0,0,1.53,0,23,30000,2.43
2020,0,1,1,1,1,0,2,5,45,0,0,1,3.0,0,90,35000,2.91
2021,0,1,0,0,1,1,2,5,45,0,0,1,2.32,0,23,40000,2.66
2022,1,1,1,1,2,0,6,4,55,1,0,1,0.0,1,11,62488,0.0
2021,1,0,0,1,2,1,3,12,20,0,0,1,3.37,0,23,62488,3.15
2021,1,0,0,1,2,1,2,3,2,0,0,1,2.89,0,24,50000,3.37
2021,1,1,0,1,1,0,2,2,55,0,0,0,3.17,0,24,40000,3.15
2021,1,1,0,1,2,0,2,5,2,1,0,0,2.26,0,20,35000,2.31
2022,1,0,0,1,1,0,5,2,65,0,0,0,3.65,0,12,35000,3.65
2021,1,1,0,1,1,0,2,1,62,0,0,1,3.03,0,25,49000,3.02
2020,1,1,0,1,2,0,2,4,45,0,0,1,3.93,0,53,15000,3.44
2019,0,1,0,1,1,1,4,2,45,0,0,1,3.0,0,105,2000000,3.09
2022,1,1,0,1,1,0,2,3,64,0,0,1,0.0,0,0,62488,0.0
2022,1,1,0,1,1,1,8,2,53,0,0,1,3.45,0,11,30000,3.45
2021,1,1,0,1,1,0,3,1,2,0,0,1,2.94,0,23,62488,3.03
2021,1,1,0,1,1,1,8,1,2,0,0,0,3.93,0,25,50000,3.95
2021,1,1,1,1,2,1,1,2,50,0,0,0,3.86,0,24,50000,3.84
2022,0,1,0,1,1,0,4,2,2,1,0,0,2.93,0,26,30000,2.84
2021,1,0,1,1,1,0,5,1,45,0,0,1,3.06,0,36,7000,3.08
2022,1,1,0,1,1,0,2,7,2,0,0,1,0.0,0,0,50000,0.0
2020,1,1,0,1,1,0,0,3,2,0,0,1,3.92,0,60,50000,3.94
2021,0,1,0,1,1,1,2,2,64,0,0,0,3.17,0,25,30000,3.53
2022,1,1,0,1,1,0,1,3,61,0,0,0,3.63,0,11,35000,3.63
2021,1,0,0,1,1,0,8,2,64,0,0,1,3.98,0,23,20000,3.86
2021,0,1,0,0,1,1,6,2,63,1,0,1,3.39,0,20,40000,2.8
2021,1,0,1,0,2,0,2,3,55,0,0,0,3.68,0,11,40000,3.68
2022,1,0,0,1,1,1,5,4,55,1,0,1,3.83,0,11,20000,3.83
2020,0,0,0,1,1,0,3,4,2,0,0,1,3.64,0,87,50000,3.74
2021,1,1,0,1,1,0,2,1,2,0,0,1,2.96,0,25,25000,3.38
2020,0,1,0,1,1,1,3,1,2,1,0,1,2.25,0,60,20000,3.15
2020,1,0,0,1,2,1,5,2,2,0,0,0,3.8,0,11,20000,3.8
2021,1,1,1,1,1,0,1,5,55,0,0,1,3.49,0,23,30000,3.5
2021,1,1,0,1,1,0,2,2,28,0,0,0,2.11,0,26,50000,3.0
2021,1,0,0,1,1,0,3,3,65,1,1,1,3.42,0,11,20000,3.42
2020,1,0,0,1,2,1,5,6,65,0,0,1,3.96,0,76,12500,3.93
2018,0,1,0,1,1,0,7,2,55,1,0,1,2.86,0,125,15000,3.26
2022,0,0,0,0,1,0,5,4,28,1,0,1,0.5,0,11,5000,0.5
2022,0,0,0,1,1,0,5,3,64,0,0,1,3.5,0,0,20000,3.5
2022,1,0,0,1,1,0,1,2,55,0,0,0,2.52,0,12,50000,2.52
2021,0,1,0,1,1,0,4,2,64,0,0,0,3.72,0,25,60000,3.71
2019,1,0,1,1,1,1,5,2,61,0,0,1,2.8,0,120,68000,3.35
2020,1,0,0,1,1,0,3,2,65,0,0,1,3.98,0,58,40000,3.99
2021,0,0,0,1,2,0,4,3,2,0,0,0,3.68,0,24,40000,3.61
2021,1,0,0,1,2,0,1,5,55,0,0,0,3.03,0,25,50000,2.94
2019,0,0,0,1,2,0,3,4,61,0,0,1,3.34,0,120,40000,3.18
2021,1,1,0,1,1,1,8,2,2,0,0,1,3.39,0,12,50000,3.39
2019,0,1,0,1,1,0,3,3,62,0,0,1,3.78,0,141,18000,3.55
2019,0,1,0,1,1,0,2,8,2,1,0,1,1.05,0,42,62488,2.97
2021,0,0,0,1,1,0,2,4,50,1,0,0,2.06,0,23,25000,2.2
2022,1,0,0,1,1,0,3,3,61,0,0,0,3.67,0,11,45000,3.67
2021,0,1,0,1,1,1,5,3,2,0,0,0,3.78,0,11,40000,3.78
2020,1,0,1,1,2,1,1,1,40,1,0,0,1.63,0,79,60000,2.61
2021,1,0,0,1,1,1,2,6,36,0,0,1,3.17,0,22,40000,3.39
2021,0,1,0,1,2,0,2,2,2,0,0,0,3.82,0,23,100000,3.91
2022,0,0,0,0,1,0,2,4,2,0,0,1,2.55,0,11,40000,2.55
2021,1,1,1,1,1,0,2,2,57,0,0,1,3.79,0,23,35000,3.89
2022,1,0,0,0,1,1,2,3,65,0,0,0,4.0,0,10,20000,4.0
2019,0,1,0,1,1,0,3,2,50,0,0,1,3.76,0,120,33000,3.62
2020,1,0,0,1,2,1,5,4,2,0,0,1,3.74,0,88,15000,3.91
2022,1,0,0,1,1,1,1,2,64,0,0,1,0.0,0,0,20000,0.0
2022,1,1,0,1,1,1,2,1,65,1,0,1,3.15,0,13,20000,3.15
2021,1,0,0,1,1,0,2,4,2,0,0,0,3.38,0,23,50000,3.2
2020,0,0,0,0,1,0,5,3,55,0,0,1,3.98,0,58,70000,3.97
2022,1,0,1,1,2,1,2,1,61,1,0,1,2.1,0,14,25000,2.1
2020,1,0,0,1,1,1,3,5,45,1,0,0,2.72,0,62,60000,2.25
2021,1,1,0,1,2,0,3,3,64,0,0,1,3.3,1,23,50000,3.39
2021,1,0,0,1,1,0,4,2,2,0,0,1,4.0,0,23,30000,3.72
2022,0,0,0,1,1,0,2,3,55,0,1,1,3.1,0,12,20000,3.1
2021,1,0,0,1,1,0,1,3,55,1,0,1,2.56,0,23,35000,2.01
2020,1,1,0,1,2,1,2,12,45,0,0,0,3.21,0,12,30000,3.21
2022,1,1,0,1,1,0,6,2,61,0,0,0,0.0,0,0,70000,0.0
2022,0,0,0,0,2,1,4,3,40,1,0,1,3.38,0,14,15000,3.38
2022,1,0,0,0,1,0,3,2,57,0,0,0,3.15,0,11,50000,3.15
2022,0,0,0,1,1,1,1,4,61,1,0,1,3.9,0,11,30000,3.9
2022,1,1,0,1,1,0,2,1,64,0,0,1,3.95,0,12,50000,3.95
2022,1,1,0,1,1,0,3,3,2,0,0,0,3.03,0,12,90000,3.03
2018,0,1,0,1,2,1,7,5,28,1,0,0,2.59,0,133,28000,2.56
2022,1,0,0,0,1,1,3,2,2,0,0,1,0.0,0,0,30000,0.0
2021,1,1,0,1,1,0,5,4,65,0,0,1,3.45,0,25,25000,3.295
2022,0,1,0,0,1,1,1,4,50,0,0,0,3.6,0,11,40000,3.6
2022,0,0,1,1,1,1,6,1,64,1,0,1,3.53,0,11,40000,3.53
2020,1,0,0,1,1,1,3,2,65,0,0,1,3.86,0,90,50000,3.69
2022,0,1,0,1,1,1,3,4,2,0,0,1,3.48,0,11,25000,2.4
2021,0,0,1,1,1,0,2,1,64,0,0,0,3.7,0,54,62488,3.77
2022,0,1,0,1,1,0,3,1,2,0,0,1,3.84,0,11,50000,3.84
2020,0,1,0,1,1,0,6,2,2,0,0,1,3.4,0,85,60000,3.29
2022,0,0,0,1,1,0,4,2,55,0,0,0,3.43,0,14,24000,3.43
2021,1,0,0,0,1,1,4,2,2,0,0,1,3.7,0,11,30000,3.7
2020,0,1,0,1,1,0,4,4,50,0,0,1,3.02,0,70,20000,3.2
2021,0,1,0,1,1,0,2,3,55,0,0,0,3.48,0,23,20000,2.98
2022,1,0,0,1,1,1,3,2,55,0,0,1,3.53,0,13,40000,3.53
2020,1,1,0,1,1,0,4,2,55,0,0,0,3.06,0,87,30000,3.41
2021,0,0,0,1,1,0,2,3,2,1,0,1,3.9,0,11,20000,3.9
2022,0,0,0,0,2,0,2,4,61,0,0,1,0.0,0,0,50000,0.0
2019,0,1,0,1,1,1,3,1,65,0,0,0,3.19,0,101,40000,3.37
2022,0,0,1,1,2,1,4,2,61,1,0,1,0.13125,0,11,30000,0.13125
2022,1,0,0,1,2,0,4,2,64,0,0,0,3.05,0,11,20000,3.05
2022,0,1,0,1,1,1,3,1,65,0,0,1,4.0,0,11,80000,4.0
2021,1,0,0,1,1,1,4,3,64,0,0,1,3.75,0,11,60000,3.75
2021,1,0,0,1,1,0,3,2,55,0,0,0,3.33,0,12,20000,3.33
2021,1,0,1,1,1,1,4,1,45,1,0,1,2.81,1,35,40000,2.81
2022,1,0,0,1,2,1,3,4,55,1,0,1,2.18,0,11,35000,2.08
2022,0,1,0,1,1,0,4,1,2,0,0,1,0.0,0,0,30000,0.0
2020,0,1,0,0,1,0,0,3,36,0,0,0,3.7,0,70,20000,3.75
2018,0,0,1,1,2,0,2,1,55,0,0,1,3.62,0,140,62488,3.0
2022,0,1,0,1,2,0,2,3,52,0,0,1,3.18,1,11,35000,3.18
2022,1,1,1,0,2,1,3,8,64,0,0,0,3.55,1,11,100000,3.59
2020,1,0,0,1,1,1,4,2,2,0,0,0,3.58,0,23,15000,3.75
2022,1,0,0,1,2,0,2,8,55,0,0,0,3.88,0,12,10000,3.88
2022,1,0,0,1,1,0,2,10,55,0,0,0,3.0,0,12,30000,3.0
2022,1,0,0,1,1,1,4,1,61,0,1,1,4.0,0,11,40000,4.0
2022,1,1,1,1,1,1,2,1,45,0,0,1,3.97,0,11,30000,3.97
2021,1,1,1,1,1,1,3,1,40,0,0,1,3.79,0,25,100000,3.69
2019,0,0,0,1,1,0,6,2,55,1,0,1,2.96,0,111,50000,2.89
2021,1,0,0,1,2,1,5,3,53,0,0,1,3.77,0,49,30000,3.86
2019,0,0,0,1,1,0,1,1,55,0,0,0,3.44,0,124,50000,3.48
2022,1,0,0,1,2,0,4,3,2,0,0,1,0.0,0,0,40000,0.0
2021,1,1,1,1,1,0,2,2,50,0,0,1,3.56,0,23,25000,3.66
2020,1,1,0,1,1,0,3,1,2,0,0,1,3.56,0,12,40000,3.56
2021,1,1,0,1,1,1,5,2,53,0,0,1,2.48,0,23,35000,2.74
2022,1,1,1,1,2,0,0,3,63,0,0,0,0.0,1,0,35000,0.0
2022,1,1,1,1,1,0,1,5,45,1,0,0,3.25,0,11,40000,3.2
2022,1,0,0,1,1,1,4,5,50,0,0,1,0.0,0,0,50000,0.0
2021,1,0,0,1,1,1,2,3,45,0,0,1,3.7,0,39,50000,3.4
2021,1,0,0,0,1,0,1,2,2,0,0,0,3.38,0,25,80000,3.58
2021,1,0,1,1,1,1,1,2,45,0,0,1,3.78,0,49,40000,3.9
2019,0,0,0,1,1,0,4,3,61,0,0,1,3.4,0,106,20000,3.5
2019,0,0,0,1,1,1,2,3,45,0,0,1,2.58,0,106,65000,2.93
2020,0,0,1,1,2,0,1,1,50,0,0,1,3.96,0,85,25000,3.7
2021,1,1,0,1,1,0,3,2,53,0,0,0,3.58,0,25,40000,3.76
2021,1,0,1,1,1,1,2,4,65,0,0,1,3.79,0,23,50000,3.91
2021,0,0,0,1,1,1,1,1,60,0,1,1,2.17,0,44,15000,3.06
2021,1,0,0,1,1,0,3,2,55,1,0,1,1.12,0,32,60000,1.88
2021,1,1,1,1,1,0,4,1,65,0,0,0,3.72,0,25,35000,3.67
2022,0,0,0,0,1,1,5,1,53,0,0,1,3.55,0,11,35000,3.55
2020,0,0,0,1,1,0,4,2,64,0,0,0,2.83,0,65,25000,2.82
2022,1,1,0,1,2,0,2,2,61,0,0,1,3.88,0,11,35000,3.88
2022,1,0,0,1,2,1,1,4,55,0,0,0,4.0,0,12,25000,4.0
2020,0,1,0,1,1,1,3,3,63,0,0,0,3.0,0,87,150000,3.66
2018,0,1,1,1,1,1,8,2,55,1,1,1,2.44,0,90,20000,2.44
2021,1,0,0,1,1,0,4,1,64,0,0,1,2.82,0,23,25000,3.0
2022,1,1,0,1,1,0,2,1,2,0,0,0,3.9,0,11,50000,3.9
2022,1,0,1,1,2,1,5,12,64,0,0,1,3.33,0,12,62488,3.33
2022,0,0,0,1,1,1,3,2,63,0,0,1,3.7,0,11,35000,3.7
2022,1,1,0,0,1,1,4,3,55,0,0,1,3.98,0,11,25000,3.98
2022,1,0,0,0,1,0,2,1,2,0,0,0,3.4,0,11,60000,3.8
2022,1,1,1,1,1,1,1,2,36,0,0,1,3.81,0,11,400000,3.81
2022,1,1,0,0,2,1,1,3,55,0,0,0,3.97,0,11,25000,3.97
2022,1,1,0,1,1,1,8,8,55,0,0,0,3.33,0,12,30000,3.33
2021,1,0,0,0,2,0,3,3,36,0,0,1,2.68,0,23,15000,2.89
2021,0,0,1,0,2,0,3,2,61,0,0,1,3.84,0,11,30000,3.84
2021,1,0,0,0,1,1,2,1,40,0,0,1,3.54,0,25,20000,3.69
2021,0,0,0,1,1,0,2,3,53,0,0,1,1.78,0,20,25000,3.15
2021,1,1,0,1,2,1,2,3,55,0,0,0,2.32,0,24,35000,2.8
2022,1,0,0,1,1,0,3,3,55,0,0,0,4.0,0,11,50000,4.0
2022,0,0,1,1,2,1,2,2,61,0,0,1,0.0,0,0,62488,0.0
2022,0,0,0,1,1,0,5,1,55,0,0,1,3.8,0,12,20000,3.8
2021,0,1,1,1,1,0,0,3,2,0,0,0,2.08,0,49,30000,2.91
2022,0,0,0,0,1,1,2,1,61,0,0,1,3.05,0,12,25000,3.05
2022,1,1,1,1,1,1,3,5,55,0,0,1,3.45,0,12,30000,3.45
2022,0,1,0,0,1,0,1,3,64,0,0,0,0.0,0,0,20000,0.0
2022,1,1,0,1,1,0,4,3,62,1,1,1,2.73,0,12,20000,2.73
2018,0,0,0,1,1,1,1,2,45,0,0,1,3.2,0,132,40000,3.29
2019,1,0,0,1,1,1,6,2,2,0,0,1,3.96,0,85,100000,3.94
2020,1,1,0,1,1,0,0,6,28,0,0,0,3.56,0,87,40000,3.69
2022,1,1,0,1,1,0,2,8,2,0,0,0,0.0,0,0,40000,0.0
2022,1,1,0,1,1,1,2,1,2,0,0,0,3.89,0,11,70000,3.89
2022,1,1,0,0,1,1,2,7,2,0,0,1,0.0,0,0,15000,0.0
2021,1,0,0,1,1,0,4,3,20,0,0,0,3.89,0,23,80000,3.36
2022,1,1,0,1,1,0,3,2,1,0,0,0,3.68,0,14,24000,3.68
2022,1,1,1,1,1,0,1,3,2,0,0,1,0.0,0,0,20000,0.0
2022,1,1,0,1,1,1,5,2,64,1,0,1,2.93,0,11,35000,2.93
2022,1,0,1,1,1,0,4,2,2,0,0,0,3.81,0,12,50000,3.81
2021,0,1,0,0,2,0,3,2,64,0,0,0,3.37,1,11,25000,3.37
2022,1,0,0,1,1,0,3,3,2,1,0,1,3.25,0,10,62488,3.25
2022,1,0,1,1,1,0,3,3,50,0,0,0,2.89,0,11,30000,2.89
2022,0,0,0,1,2,1,2,3,61,1,0,0,1.45,0,11,40000,1.45
2022,0,1,0,0,1,0,2,4,64,0,0,1,3.73,0,11,35000,3.73
2022,1,0,0,1,1,0,2,1,57,0,0,0,3.18,0,11,25000,3.18
2018,0,1,0,1,1,1,5,4,65,0,0,0,3.5,0,100,30000,3.7
2022,1,0,1,1,2,0,1,2,55,1,0,0,2.9,0,11,60000,2.9
2022,1,0,0,1,1,0,6,2,61,0,0,1,3.48,0,12,25000,3.48
2022,1,0,0,1,1,0,3,4,61,1,0,0,3.6,0,11,25000,3.6
2021,0,0,1,1,1,0,2,2,55,0,0,1,3.13,0,11,40000,3.17
2021,1,0,1,1,1,0,3,2,55,1,0,1,1.42,0,5,50000,1.42
2022,1,1,0,1,1,0,2,1,53,0,0,1,3.13,0,11,40000,3.13
2022,1,0,1,1,1,0,3,2,2,0,0,1,3.85,0,12,30000,3.85
2022,1,1,1,1,2,1,4,1,2,0,0,1,3.6,0,11,35000,3.6
2022,1,0,1,1,1,1,2,1,2,0,0,1,3.54,0,11,14000,3.54
2022,1,0,0,1,1,0,1,4,53,0,0,0,3.54,0,11,62488,3.55
2022,0,0,1,1,1,0,3,4,61,1,0,0,2.1,0,12,10000,2.1
2022,1,0,0,1,1,1,3,5,55,0,0,1,2.5,0,12,25000,2.5
2019,1,0,0,1,1,1,7,1,55,0,0,0,3.31,0,139,30000,3.76
2022,0,0,1,1,1,0,1,4,50,0,0,1,3.75,0,12,50000,3.75
2021,1,0,1,1,2,0,6,2,64,0,0,1,3.7,0,13,25000,3.7
2021,0,0,1,1,2,0,3,1,63,0,0,1,3.5,0,13,33000,3.5
2020,1,1,0,1,1,0,3,4,55,1,0,0,3.7,0,11,60000,3.7
2022,1,0,0,1,1,0,3,3,36,1,1,1,3.24,0,11,40000,3.24
2019,0,1,0,1,1,0,2,2,65,1,0,0,2.3,0,113,60000,2.8
2019,0,0,0,0,1,0,2,3,36,0,0,0,3.87,0,141,70000,3.6
2020,1,1,0,1,1,1,3,4,11,0,0,1,3.24,1,27,25000,3.5
2021,0,0,0,0,1,0,3,3,50,0,0,0,3.65,0,11,62488,3.65
2021,1,0,0,1,1,1,4,3,45,0,0,1,3.52,0,21,25000,3.5
2022,1,0,0,1,1,0,3,2,61,0,0,0,2.73,0,11,21000,2.73
2021,1,0,0,1,1,0,3,1,55,0,0,1,3.79,0,23,13000,3.88
2019,1,0,0,1,1,0,2,2,36,0,0,0,3.96,0,116,30000,3.91
2022,0,1,1,1,1,0,5,2,55,1,0,1,3.15,0,11,60000,3.15
2022,0,1,0,0,2,1,7,1,2,0,0,0,3.4,0,12,15000,3.4
2019,0,1,1,1,1,0,2,1,55,0,0,0,3.49,0,126,20000,3.39
2022,0,1,1,1,1,1,6,1,2,0,0,0,3.85,0,12,30000,3.85
2020,0,1,0,1,1,1,4,1,55,1,0,0,2.02,0,71,35000,2.4
2021,1,0,0,1,1,0,5,3,20,0,0,0,3.89,0,23,80000,3.38
2022,1,1,1,1,1,0,2,2,55,0,0,1,3.93,0,12,55000,3.93
2021,0,1,0,1,1,0,5,2,65,0,0,0,3.9,0,11,20000,3.9
2022,1,1,0,1,1,0,3,3,61,1,0,1,3.47,0,12,30000,3.47
2022,0,1,0,1,1,1,2,2,55,0,0,1,3.7,0,12,30000,3.7
2022,1,1,0,1,2,1,4,2,2,0,0,0,3.45,0,11,20000,3.45
2022,1,1,0,1,1,0,3,2,64,1,0,1,3.73,0,11,100000,3.73
2021,1,1,1,1,2,1,4,2,61,0,0,1,3.73,1,26,35000,3.68
2022,1,1,1,1,1,0,3,1,61,0,0,1,3.65,0,11,20000,3.65
2022,1,1,0,1,1,0,4,3,2,0,0,1,3.45,0,11,35000,3.45
2022,1,1,0,1,1,0,4,3,2,0,0,1,2.58,0,11,35000,2.58
2021,1,0,1,0,2,0,4,2,64,1,0,1,1.87,0,32,20000,3.5
2020,0,0,0,1,1,0,1,2,58,0,0,0,2.68,0,77,40000,3.15
2020,1,1,1,1,1,1,4,1,64,0,0,1,3.96,0,76,25000,3.99
2019,1,1,1,1,2,0,4,1,55,0,0,0,3.68,0,84,62488,3.73
2019,1,0,0,1,1,1,5,10,20,1,0,0,3.35,0,90,50000,2.3
2019,0,1,0,1,1,1,4,4,55,0,0,1,2.04,0,93,50000,2.86
2020,1,1,0,1,1,0,0,2,61,0,0,0,3.74,0,90,30000,3.67
2020,0,0,0,1,1,0,4,2,61,0,0,0,3.75,0,110,250000,3.75
2020,0,0,0,1,1,0,2,1,55,0,0,1,3.3,0,86,50000,3.26
2019,1,0,0,1,2,1,5,4,64,0,0,1,3.72,0,90,25000,3.45
2019,0,0,0,1,1,1,4,3,53,0,0,1,3.21,0,85,40000,3.42
2020,1,1,0,1,1,1,1,3,63,0,0,0,3.64,0,76,60000,3.65
2020,1,1,0,1,2,0,3,5,55,0,0,0,2.86,0,87,50000,3.42
2019,1,1,0,1,1,0,4,1,55,0,0,1,3.78,0,93,30000,3.88
2016,0,1,0,1,1,1,5,5,65,1,0,0,2.66,0,115,50000,2.76
2020,0,1,0,1,1,1,2,3,55,0,0,0,3.04,0,85,100000,2.87
2020,0,0,0,1,1,0,1,4,45,0,0,0,1.76,0,64,35000,2.55
2020,1,1,1,1,1,0,3,2,64,0,0,1,3.15,0,84,5000,3.71
2020,1,1,0,1,1,0,2,1,2,0,0,1,4.0,0,86,50000,3.62
2022,0,1,0,1,1,0,3,2,2,0,0,0,3.58,0,14,45000,3.58
2022,0,1,0,1,2,1,6,2,53,0,0,0,3.4,0,11,30000,3.4
2020,0,1,1,1,2,0,2,16,43,1,0,0,2.44,0,76,30000,2.77
2020,1,1,1,1,1,1,6,1,63,0,0,0,3.94,0,75,40000,3.91
2018,1,0,0,1,2,1,3,1,45,0,0,1,3.0,0,90,50000,2.85
2020,1,1,0,1,2,0,1,3,50,0,0,0,3.32,0,88,50000,3.27
2022,1,1,0,1,1,0,2,5,55,0,0,1,2.8,0,11,30000,2.8
2020,0,0,0,1,1,1,3,3,65,0,0,1,3.39,0,70,40000,3.33
2022,0,0,1,0,1,1,1,2,61,0,0,1,4.0,0,12,40000,4.0
2017,1,1,1,1,1,0,1,1,2,0,0,1,3.2,0,117,40000,3.44
2020,1,0,0,1,1,1,2,2,53,0,0,1,3.31,0,70,20000,2.9
2018,0,1,1,1,1,1,5,4,50,1,0,1,2.96,0,136,20000,3.06
2022,1,1,0,1,1,0,3,4,2,0,0,0,3.68,0,11,35000,3.68
2022,0,1,1,1,1,1,4,6,2,0,0,1,3.78,0,11,4000,3.78
2020,1,0,0,1,2,1,4,1,61,0,0,0,3.87,0,86,15000,3.68
2021,1,1,0,1,1,0,10,2,61,1,1,0,2.68,0,25,40000,2.47
2022,1,1,0,1,1,0,3,2,55,0,0,1,3.9,0,11,20000,3.9
2018,0,0,1,1,1,0,2,2,55,0,0,0,2.65,0,130,62488,2.97
2020,0,0,0,1,1,0,2,3,52,0,0,0,3.29,0,100,100000,3.65
2020,0,1,1,1,1,1,3,2,63,0,0,1,3.14,0,95,48400,3.62
2017,0,0,0,1,2,0,4,8,45,1,1,1,3.15,0,140,30000,3.39
2020,1,1,1,1,1,0,2,2,2,0,0,1,3.46,0,88,80000,3.55
2020,0,0,1,1,1,0,1,3,65,0,0,1,3.32,0,85,40000,3.17
2020,1,1,0,1,1,0,3,4,61,0,0,0,3.21,0,76,25000,3.36
2022,1,0,0,1,1,0,5,2,2,0,0,1,3.93,0,11,15000,3.93
2019,0,0,0,1,1,0,6,1,55,0,0,0,3.94,0,130,40000,3.76
2021,0,0,1,1,1,1,4,3,61,1,0,1,2.87,0,24,200000,2.31
2021,0,0,0,1,1,0,3,2,2,0,0,1,3.31,0,49,30000,3.27
2022,1,1,1,1,1,1,5,1,65,0,0,1,4.0,1,11,35000,4.0
2022,1,0,0,1,1,0,0,4,2,0,0,0,4.0,0,12,20000,4.0
2021,1,0,1,1,2,0,1,2,40,1,0,1,2.08,0,20,50000,2.68
2021,0,1,0,1,1,0,6,3,45,1,0,1,2.62,0,18,5000,2.64
2022,1,1,0,1,1,1,2,8,2,0,0,1,3.89,0,12,35000,3.89
2018,0,1,0,1,1,0,2,8,36,1,0,1,2.75,0,111,70000,2.88
2020,0,0,1,1,1,0,5,2,64,0,0,0,4.0,0,87,30000,3.97
2020,1,0,1,1,1,0,3,2,61,0,0,0,3.57,0,90,40000,3.57
2020,1,0,0,1,2,0,2,2,64,0,0,1,3.19,0,90,62488,3.41
2019,1,0,0,1,1,0,8,2,65,0,0,0,3.6,0,130,24000,3.9
2020,0,1,0,1,1,0,6,6,50,1,0,1,2.88,0,68,100000,2.88
2022,1,0,0,0,1,0,3,6,55,1,0,1,2.74,0,23,20000,2.74
2021,0,1,0,0,1,0,5,3,20,1,0,0,1.41,0,25,10000,2.55
2019,0,0,0,1,1,0,5,3,2,0,0,1,3.42,0,122,40000,3.32
2019,0,0,0,1,1,0,5,3,65,0,0,1,3.1,0,118,40000,3.08
2020,1,0,1,1,1,0,2,1,55,0,0,0,3.96,0,87,120000,3.86
2022,1,0,1,1,1,0,3,2,36,0,0,1,3.29,0,11,40000,3.29
2022,1,1,0,1,1,0,3,3,2,0,0,0,3.75,0,12,50000,3.75
2020,1,0,0,1,1,0,5,2,2,0,0,1,3.66,0,87,50000,3.8
2022,1,1,0,1,1,1,2,1,63,0,0,1,0.0,0,0,45000,0.0
2019,1,0,0,1,1,0,4,1,55,0,0,1,3.88,0,92,30000,3.71
2020,1,1,1,1,1,1,2,1,55,0,0,0,4.0,0,75,30000,3.89
2019,1,1,0,1,1,1,2,3,55,0,0,1,3.64,0,100,18000,3.42
2018,1,1,1,1,1,0,2,3,55,1,1,1,2.4,0,86,50000,2.41
2021,0,0,0,0,2,1,2,3,55,0,0,0,2.67,0,12,25000,2.67
2021,1,0,0,1,2,0,4,3,45,1,0,1,2.86,0,15,50000,2.86
2021,1,0,1,1,2,1,1,2,45,0,0,0,2.63,0,27,25000,3.07
2020,0,1,1,1,2,0,3,1,62,0,0,1,3.48,0,87,20000,3.74
2022,1,1,0,1,1,0,1,4,65,0,0,0,3.75,0,12,30000,3.75
2019,1,1,0,1,1,1,2,1,61,0,0,1,3.94,0,90,30000,3.88
2022,1,1,0,0,1,0,2,5,2,0,0,1,0.0,0,0,40000,0.0
2022,1,0,0,1,1,0,2,2,65,0,0,1,4.0,0,13,62488,4.0
2020,1,0,0,1,2,0,2,2,45,0,0,1,3.5,0,87,90000,3.63
2022,1,0,1,1,1,0,3,2,50,0,0,0,1.91,0,6,300000,1.75
2022,1,1,0,1,1,0,2,1,55,0,0,0,3.85,0,11,30000,3.85
2020,0,1,0,1,1,1,1,2,61,0,0,1,1.97,0,85,40000,2.77
2022,1,1,0,1,1,0,2,2,64,0,0,1,3.51,0,11,40000,3.51
2022,0,0,0,1,1,0,3,2,61,0,0,1,3.85,0,11,20000,3.85
2022,1,1,0,1,1,0,3,5,55,0,0,1,4.0,0,11,50000,4.0
2022,0,0,0,1,1,0,4,1,55,0,0,1,3.21,0,11,40000,3.21
2020,1,0,0,1,1,1,3,2,61,0,0,1,3.15,0,84,50000,3.65
2022,1,0,0,1,2,1,4,1,45,1,1,1,3.1,0,14,20000,3.1
2019,1,0,0,1,1,0,1,2,55,0,0,1,3.22,0,95,13500,3.47
2021,1,1,0,1,1,0,3,4,36,0,0,0,3.52,0,23,25000,3.77
2021,1,0,0,1,1,0,2,2,50,0,0,1,3.24,0,23,80000,3.32
2019,0,1,0,1,2,1,10,2,55,0,0,0,3.94,1,126,25000,3.95
2020,0,0,1,1,1,1,4,7,45,0,0,0,2.5,0,90,70000,2.85
2020,0,1,0,1,2,0,3,3,53,0,0,0,2.65,0,70,35000,2.85
2021,1,1,1,0,1,0,1,6,45,0,0,0,2.91,0,11,25000,2.91
2015,0,1,0,1,1,0,5,1,2,1,1,1,3.22,0,103,25000,2.83
2020,1,1,0,1,1,1,1,1,2,0,0,0,3.67,0,75,62488,3.48
2022,1,0,0,1,1,0,1,2,65,0,0,0,4.0,0,12,30000,4.0
2022,1,1,0,1,1,1,3,5,61,0,0,1,3.92,0,12,35000,3.92
2019,0,0,1,1,1,0,6,6,55,0,0,1,3.02,0,123,40000,3.05
2020,0,1,1,1,1,0,13,1,2,0,0,0,3.77,0,88,5000,3.69
2021,0,1,0,1,1,1,2,3,62,0,0,1,3.89,0,35,90000,3.7
2014,0,1,0,1,1,0,4,1,55,1,0,1,3.06,0,140,40000,2.86
2019,0,1,1,1,2,1,1,4,27,1,0,0,3.66,0,77,45000,3.01
2020,1,1,0,1,1,0,3,3,2,1,0,1,2.15,0,70,25000,2.54
2017,1,1,1,1,1,0,1,1,50,0,0,0,3.39,0,90,40000,3.29
2019,0,0,0,1,1,0,2,2,61,0,0,1,3.78,0,125,60000,3.54
2017,0,1,1,1,1,1,6,4,55,0,0,1,3.51,0,143,100000,3.51
2020,0,1,0,1,2,0,1,2,28,0,0,1,2.92,0,58,62488,2.9
2019,0,1,0,1,1,1,5,3,55,1,0,1,2.13,0,87,40000,2.45
2020,0,0,0,1,2,0,2,2,45,0,0,0,3.4,0,80,35000,2.8
2022,1,1,0,1,1,1,3,2,64,0,0,1,0.0,0,0,30000,0.0
2020,1,1,0,1,2,1,2,1,45,0,0,1,3.4,0,87,40000,3.5
2021,0,1,0,1,1,1,1,1,2,0,0,1,2.59,0,24,40000,3.01
2020,1,0,0,1,1,1,2,3,63,0,0,1,3.78,0,87,15000,3.77
2022,1,1,1,1,1,0,2,10,61,0,0,0,1.75,0,11,30000,1.75
2020,0,0,0,1,2,1,0,2,64,0,0,0,3.4,0,75,50000,3.65
2021,1,0,0,1,1,0,7,3,65,1,1,1,1.52,0,8,60000,1.64
2019,0,1,0,1,2,1,2,4,55,0,0,1,3.66,0,123,60000,3.37
2020,0,0,0,1,1,1,1,2,55,1,0,0,3.5,0,90,25000,3.12
2019,0,1,0,1,1,1,2,4,36,0,0,1,3.59,0,123,50000,3.55
2021,1,0,0,1,1,0,4,3,2,0,0,1,3.03,0,23,7000,3.03
2020,1,0,0,1,2,0,2,2,55,0,0,1,3.94,0,91,20000,3.9
2021,1,1,0,1,1,1,3,2,61,0,0,1,4.0,0,12,40000,4.0
2020,0,1,0,1,1,0,3,4,63,0,0,1,3.49,0,80,45000,3.44
2020,1,1,1,1,2,1,1,1,55,0,0,1,3.0,0,87,30000,3.1
2019,0,1,1,1,1,1,3,1,56,0,0,1,3.45,0,117,19000,3.34
2020,0,0,0,1,2,0,2,4,55,0,0,0,3.58,0,72,50000,3.5
2019,0,0,1,1,1,0,4,3,45,1,1,1,2.96,0,96,100000,2.61
2021,1,0,0,1,1,1,2,2,55,0,0,1,3.38,0,24,40000,3.53
2021,1,0,0,1,1,1,2,3,61,0,0,1,3.12,0,24,50000,3.07
2018,0,0,1,1,1,0,3,2,64,1,0,1,2.86,0,133,30000,2.88
2019,0,0,0,1,1,0,4,1,55,0,0,1,3.1,0,88,45000,3.27
2021,1,1,0,1,1,0,1,1,61,0,0,0,3.92,0,11,20000,3.92
2018,0,0,0,1,1,0,3,5,61,1,0,0,2.76,0,136,25000,2.64
2019,1,0,0,1,2,1,2,6,36,0,0,1,3.52,0,112,62488,3.78
2019,1,0,0,1,1,1,3,1,55,0,0,0,4.0,0,123,25000,3.9
2020,1,1,0,1,1,0,3,3,55,0,0,0,3.84,0,90,62488,3.78
2019,0,1,0,1,1,0,1,6,51,0,0,0,3.44,0,125,300000,3.46
2019,0,1,1,1,1,0,3,2,65,0,0,1,3.11,0,105,62488,3.0
2022,1,1,0,1,1,1,4,2,2,0,0,1,2.98,0,11,30000,2.98
2022,1,0,0,1,1,0,3,6,2,0,0,0,3.43,0,12,25000,3.43
2022,1,0,0,1,1,1,9,3,55,0,0,1,3.98,0,28,40000,3.98
2013,0,1,0,1,1,1,2,2,55,1,0,1,3.08,0,89,50000,3.15
2019,0,0,1,1,2,1,2,2,2,0,0,1,3.1,0,122,20000,3.16
2021,0,1,0,1,1,0,3,1,61,1,0,0,2.37,0,31,50000,2.46
2022,1,0,0,1,1,1,4,2,50,0,0,0,0.0,0,0,30000,0.0
2022,1,0,0,1,1,0,1,2,55,0,0,0,3.58,0,12,40000,3.58
2019,1,1,0,1,2,1,4,3,2,0,1,1,3.36,1,87,80000,3.47
2022,1,1,0,1,1,0,3,2,61,0,0,1,0.0,0,0,150000,0.0
2022,1,0,1,1,1,0,2,1,61,0,0,1,0.0,0,0,45000,0.0
2022,1,1,0,1,1,1,4,2,29,0,0,1,0.0,0,0,20000,0.0
2021,0,1,0,1,2,1,3,3,55,1,0,1,2.9,0,36,60000,2.19
2022,0,0,0,1,1,1,4,3,55,0,0,1,3.32,0,12,30000,3.25
2020,0,0,0,1,1,0,6,2,0,1,0,1,3.3,0,90,36000,3.15
2019,0,0,0,1,1,0,4,3,61,0,0,0,3.92,0,123,30000,3.78
2014,0,0,1,1,2,0,1,12,45,1,1,1,2.8,1,115,20000,2.5
2022,1,0,1,0,1,1,3,3,64,1,0,1,3.33,0,12,20000,2.9
2020,1,0,0,1,1,0,3,1,52,0,0,0,3.54,0,87,30000,3.4
2020,1,1,0,1,1,0,5,2,64,0,0,0,3.66,0,87,38000,3.81
2019,0,0,0,1,1,1,2,2,45,0,0,1,3.78,0,124,15000,3.13
2020,0,0,0,1,2,1,5,3,65,0,0,1,3.82,0,89,15000,3.81
2019,1,1,0,1,2,1,4,1,61,0,0,1,4.0,0,118,50000,3.93
2022,1,0,0,1,2,1,4,1,45,0,0,1,3.54,0,11,20000,3.54
2022,1,0,0,1,1,0,4,2,61,0,0,1,2.55,0,11,20000,2.55
2018,1,0,0,1,2,0,3,2,55,0,0,0,3.4,1,136,12000,3.4
2019,0,0,1,1,1,0,3,5,55,0,0,0,3.65,0,126,30000,3.59
2020,1,1,0,1,1,0,3,4,59,0,0,0,3.62,0,85,30000,3.62
2019,0,1,0,1,1,0,2,1,55,0,0,0,3.7,0,101,30000,3.45
2020,1,1,1,1,1,1,3,2,61,0,0,1,3.5,0,89,55000,3.5
2022,1,1,1,1,1,0,5,3,2,0,0,1,3.48,0,11,50000,3.48
2019,0,0,0,0,1,1,3,3,2,0,0,1,3.01,0,112,50000,2.92
2018,1,1,0,1,1,1,4,3,2,0,0,1,3.86,0,129,60000,3.56
2019,1,1,1,1,1,0,4,10,64,0,0,1,3.38,0,117,15000,3.81
2020,1,1,0,1,1,0,5,2,55,0,0,1,3.07,0,75,500000,3.42
2019,1,1,0,1,1,0,3,5,62,0,0,0,3.59,0,119,20000,3.56
2019,0,0,0,1,1,1,2,6,55,0,0,1,2.59,0,130,50000,3.06
2019,0,0,0,1,1,0,2,2,65,1,0,0,3.3,0,130,15000,3.24
2019,1,1,0,1,1,1,4,10,65,0,0,1,3.72,0,127,62488,3.78
2022,1,1,0,1,1,0,3,2,2,0,0,1,3.9,0,11,40000,3.9
2018,0,0,0,1,1,1,2,5,40,1,1,1,2.55,0,120,20000,2.65
2021,1,0,0,1,1,0,4,2,50,0,0,0,3.0,0,36,20000,2.8
2021,1,0,1,1,1,0,4,2,45,1,0,1,2.0,0,24,25000,2.59
2019,1,0,0,1,2,0,5,2,61,0,0,1,3.96,0,135,200000,3.9
2022,1,1,0,1,1,0,2,1,45,0,0,1,3.7,0,10,25000,3.7
2022,0,0,1,1,1,0,5,7,55,0,0,0,3.3,0,11,35000,3.3
2020,0,0,0,1,2,1,5,2,61,0,0,0,3.2,0,90,62488,3.51
2021,1,1,0,1,1,0,4,3,55,0,0,1,3.57,0,23,35000,3.67
2019,0,1,0,1,1,1,3,1,2,0,0,1,3.37,0,140,40000,3.11
2021,1,0,0,1,1,1,4,1,63,1,0,1,3.17,0,20,30000,2.85
2022,0,0,0,1,1,0,1,1,55,0,0,1,3.5,0,11,10000,3.45
2022,0,0,0,1,1,0,4,1,55,0,0,1,3.78,0,28,25000,3.78
2019,1,1,0,1,2,1,2,1,52,0,0,1,3.9,0,128,40000,3.59
2021,0,1,0,1,1,0,4,4,20,0,0,0,2.94,0,23,62488,2.5
2021,1,1,0,1,1,0,3,5,45,0,0,0,2.89,0,65,20000,2.8
2021,0,0,0,1,1,0,4,2,55,0,0,0,1.8,0,23,20000,2.56
2020,0,0,1,1,1,0,4,3,50,0,0,0,2.78,0,78,30000,3.75
2022,0,0,0,0,1,0,1,2,2,1,0,1,1.45,0,50,30000,2.38
2019,0,0,1,1,1,1,5,2,2,0,0,1,2.45,0,116,34000,3.54
2019,1,0,0,0,1,1,6,4,45,0,0,0,1.45,0,116,35000,2.45
2021,0,0,0,1,1,0,3,7,2,0,0,0,2.0,0,78,35000,3.19
2020,1,0,0,1,1,0,1,8,2,0,0,1,2.89,0,140,36000,3.99
2020,0,0,0,1,1,0,2,8,36,0,0,1,2.88,0,116,36000,3.75
2021,0,0,0,1,1,1,3,7,28,1,0,1,1.87,0,101,37000,2.98
2020,0,0,0,0,1,1,1,3,24,1,0,1,2.44,0,127,39000,3.53
2019,0,0,0,0,2,0,4,2,55,0,0,1,2.8,0,126,40000,3.65
2019,0,0,1,1,1,0,6,2,2,0,0,1,2.11,0,103,40000,3.47
2022,0,0,0,1,1,0,4,3,52,0,0,0,2.37,0,67,41000,3.49
2021,0,0,0,1,1,0,3,3,52,1,0,0,2.75,0,116,44000,3.8
2021,0,0,1,1,1,0,3,4,2,0,0,1,1.98,0,117,44000,2.91
2020,0,0,1,1,1,1,2,3,2,0,0,1,2.64,0,136,44000,3.7
2019,0,0,1,1,1,1,6,11,42,0,0,0,1.77,0,133,45000,2.66
2022,0,0,0,1,1,1,4,7,61,0,0,0,2.19,0,42,45000,2.77
2021,1,0,1,1,1,1,5,7,36,1,1,1,2.19,0,63,45000,3.19
2020,0,0,1,1,2,0,3,9,51,1,0,0,1.98,0,119,45000,2.98
2021,0,0,0,1,1,1,4,2,43,1,0,0,1.83,0,97,45000,2.9
2020,0,0,1,1,1,0,3,9,2,0,0,1,1.87,0,139,46000,2.82
2020,0,0,1,1,1,0,1,3,35,0,0,0,2.65,0,136,49000,3.71
2020,1,0,0,1,1,0,6,4,55,1,0,1,2.19,0,122,50000,3.45
2022,1,0,0,1,1,0,3,4,2,0,0,1,2.5,0,46,50000,3.4
2020,0,0,0,1,1,0,2,3,2,1,0,0,2.82,0,136,50000,3.85
2020,0,0,1,1,1,0,2,2,20,1,0,0,1.34,0,98,50000,2.68
2022,0,0,0,1,1,0,1,4,43,0,0,1,2.68,0,80,50000,3.79
2019,0,0,1,1,3,1,2,1,45,1,0,0,1.97,0,79,52000,2.98
2021,1,0,0,1,1,0,5,3,2,0,0,0,2.76,0,127,52000,3.86
2019,0,0,0,1,1,1,4,7,16,0,0,1,1.72,0,140,54000,2.79
2020,0,0,0,1,1,1,2,2,2,0,0,0,2.62,0,136,55000,3.75
2021,0,0,0,1,1,0,2,2,52,0,0,0,1.51,0,99,55000,2.59
2022,0,0,0,0,1,0,2,2,61,1,0,0,1.45,0,65,55000,2.53
2022,0,0,0,0,1,0,2,4,2,0,0,0,2.16,0,66,57000,3.24
2022,0,0,0,1,1,1,2,2,2,1,0,0,2.56,0,65,58000,3.62
2019,1,0,0,1,1,0,1,7,2,0,0,1,1.97,0,136,59000,3.1
2020,0,0,0,1,1,1,2,3,55,1,0,0,2.33,0,32,60000,3.31
2020,0,0,0,1,1,0,2,3,2,1,0,0,1.6,0,136,60000,2.68
2021,0,0,0,1,1,1,4,6,45,0,0,0,2.11,0,97,60000,3.22
2021,0,0,1,1,1,1,3,7,2,1,1,0,1.19,0,103,60000,2.16
2020,0,0,1,1,1,0,4,5,2,0,0,1,2.65,0,121,61000,3.78
2020,0,0,0,1,1,1,2,2,2,1,0,1,2.67,0,135,61000,3.7
2020,0,0,1,1,1,0,3,3,17,1,0,0,2.44,0,144,64000,3.51
2020,0,0,0,1,1,1,3,3,40,1,0,1,1.65,0,143,65000,2.68
2020,0,0,0,1,1,1,2,3,43,0,0,0,2.54,0,78,65000,3.61
2020,0,0,1,1,1,1,2,2,2,1,0,0,2.5,0,136,65000,3.61
2021,0,0,1,1,1,1,4,8,2,0,0,0,2.07,0,84,66000,3.39
2020,0,0,1,1,1,0,4,6,2,0,0,1,1.77,0,119,66000,2.64
2021,1,0,0,1,1,0,3,5,55,0,0,0,2.11,0,102,66000,3.21
2022,0,0,0,0,1,1,2,2,17,1,0,1,2.33,0,63,66000,3.41
2022,0,0,0,1,1,1,3,3,2,1,0,1,2.77,0,58,66000,3.84
2019,1,0,0,1,1,0,4,2,2,0,0,1,2.87,0,136,67000,3.98
2019,0,0,1,1,1,0,3,7,2,0,0,0,2.19,0,116,68000,3.43
2020,0,0,0,1,1,0,2,8,2,0,0,1,2.11,0,132,68000,3.39
2020,0,0,0,1,2,1,1,2,21,0,0,1,2.51,0,136,68000,3.57
2020,0,0,1,1,1,1,3,3,2,0,0,0,2.22,0,100,68000,3.38
2021,0,0,0,1,1,0,2,2,9,1,0,0,1.86,0,88,68000,2.91
2021,0,0,0,0,1,1,1,8,20,0,0,0,1.87,0,100,68000,2.95
2022,1,0,1,1,1,0,5,3,52,0,0,1,2.88,0,88,68000,3.91
2020,0,0,1,1,1,0,3,6,65,1,1,0,1.91,0,123,70000,3.1
2021,0,0,1,1,1,0,3,2,2,0,0,0,1.81,0,101,70000,2.9
2022,0,0,0,1,2,0,2,2,26,1,0,1,1.72,0,80,70000,2.8
2021,0,0,0,1,1,0,1,3,41,0,0,1,1.56,0,70,70000,2.63
2021,0,0,0,1,2,1,1,4,2,0,0,0,2.23,0,98,70000,3.39
2022,0,0,0,1,1,0,2,3,2,1,0,1,2.67,0,70,70000,3.74
2022,0,0,1,1,2,0,4,4,30,0,0,0,1.65,0,35,70000,2.87
2021,0,0,1,1,1,0,2,6,55,0,0,1,2.44,0,23,71000,3.88
2022,0,0,0,1,1,1,4,3,35,1,0,0,1.56,0,70,74000,2.63
2020,0,0,0,1,2,0,6,4,45,0,0,0,2.21,0,116,75000,3.21
2020,0,0,0,1,1,0,1,3,2,0,0,0,2.61,0,136,75000,3.68
2021,0,0,0,1,1,0,3,2,2,0,0,1,2.41,0,116,76000,3.5
2021,0,0,1,1,1,1,2,3,2,1,0,0,1.57,0,100,76000,2.66
2021,1,0,0,1,1,1,4,2,2,1,0,1,2.73,0,100,76000,3.8
2020,0,0,0,1,2,0,2,2,2,1,0,1,2.87,0,100,76000,3.93
2022,0,0,1,1,1,0,3,3,2,0,0,0,1.56,0,71,76000,2.66
2022,0,0,1,1,2,0,3,8,2,0,0,0,2.87,0,143,77000,3.98
2021,0,0,1,1,1,0,3,7,54,0,0,0,1.79,0,104,77000,2.85
2019,1,0,1,1,1,0,7,3,2,0,0,0,2.88,0,139,77000,3.93
2020,0,0,0,1,2,0,4,2,2,1,0,0,2.78,0,120,77000,3.84
2021,1,0,1,1,2,1,1,4,64,0,0,0,2.36,1,70,77000,3.19
2020,0,0,0,1,1,0,3,4,2,0,0,1,2.03,0,65,78000,3.15
2018,1,0,0,1,1,1,5,1,43,1,0,1,2.83,0,143,79000,3.9
2020,1,0,0,1,1,1,5,4,2,0,0,0,2.44,0,88,79000,3.78
2021,0,0,0,1,1,0,5,5,20,0,0,1,1.66,0,97,79000,2.99
2019,0,1,0,1,1,1,6,3,45,0,0,0,2.54,0,126,80000,3.76
2020,1,0,1,1,1,0,2,4,65,0,0,0,2.79,0,125,80000,3.59
2019,0,0,0,1,1,0,2,6,42,1,1,1,1.55,0,144,80000,2.67
2021,0,0,0,1,2,0,4,2,2,1,0,0,1.25,0,101,80000,2.57
2020,0,0,0,1,3,0,4,2,2,0,0,0,2.56,0,131,80000,3.61
2022,0,0,0,1,1,1,4,3,2,1,0,0,2.64,0,99,81000,3.7
2020,1,0,0,1,2,1,3,7,43,0,0,0,1.45,0,142,82000,2.67
2020,0,0,0,1,2,0,3,3,36,0,0,0,1.56,0,133,85000,2.87
2022,1,0,0,1,1,0,6,5,36,0,0,1,2.1,0,86,85000,3.37
2022,0,0,1,0,1,0,2,3,28,0,0,0,2.1,0,77,85000,3.28
2021,0,0,1,1,1,0,2,2,2,1,0,1,1.54,0,137,86000,2.64
2019,0,0,0,1,2,1,1,2,45,1,1,1,2.39,0,45,87000,3.43
2020,0,0,1,1,1,0,4,2,45,0,0,0,2.51,0,103,87000,3.87
2020,1,0,0,1,1,1,2,1,44,0,0,0,2.81,0,143,87000,3.89
2021,0,0,0,1,1,0,2,2,53,0,0,1,2.45,0,117,88000,3.54
2021,0,0,0,1,2,1,3,3,2,1,0,0,2.66,0,98,88000,3.72
2020,1,0,0,1,2,1,6,4,45,0,0,1,2.04,0,100,89000,3.23
2021,0,0,1,1,1,1,4,6,2,0,1,0,2.29,0,100,89000,3.56
2021,0,0,0,1,1,0,4,7,53,0,0,1,2.55,0,137,89000,3.77
2018,1,0,0,1,2,1,4,2,2,0,0,1,2.9,0,135,90000,3.89
2019,0,0,0,1,1,1,3,3,2,0,0,0,2.34,0,143,90000,3.42
2020,0,0,1,1,1,0,3,4,2,0,0,1,2.08,0,138,90000,3.11
2021,0,0,1,1,1,0,3,10,2,0,0,1,2.51,0,130,90000,3.5
2022,0,0,1,1,1,0,4,8,2,0,0,0,2.13,0,107,90000,3.33
2019,0,0,0,1,1,0,2,2,10,0,1,0,1.43,0,143,91000,2.56
2022,0,0,0,1,1,1,2,3,2,1,0,0,1.26,0,59,93000,2.33
2021,0,0,0,1,1,0,2,3,26,1,0,1,1.56,0,130,95000,2.6
2020,0,0,0,1,1,0,2,1,2,0,0,0,1.75,0,137,98000,2.81
2019,0,0,0,1,1,1,2,7,2,0,0,0,1.76,0,144,100000,2.87
2021,0,0,1,1,1,1,6,4,2,1,0,1,1.34,0,96,100000,2.53
2020,0,0,0,1,1,0,5,4,2,0,0,1,2.91,0,119,100000,3.95
2020,0,0,1,1,2,1,2,2,16,1,0,0,2.46,0,140,100000,3.52
2021,0,0,0,1,1,0,3,7,36,0,0,0,1.67,0,75,100000,2.98
2023,1,0,0,1,2,1,2,2,2,0,0,1,2.66,1,12,100000,2.66
2018,0,0,1,1,0,1,1,3,32,1,0,0,2.65,0,140,110000,3.68
2022,0,0,0,1,1,0,2,5,2,0,0,0,2.8,0,77,110000,3.91
2021,0,0,0,1,1,1,5,6,2,0,0,0,1.46,0,101,110000,2.67
2021,0,0,0,1,1,0,2,2,54,1,0,0,1.67,0,134,110000,2.73
2022,0,0,0,1,1,1,3,3,29,1,0,0,1.35,0,77,114000,2.58
2021,0,0,0,1,1,0,3,2,43,0,0,0,2.56,0,88,115000,3.66
2022,0,0,1,1,1,0,1,5,2,0,0,0,2.67,0,32,115000,3.78
2022,0,0,0,1,1,1,2,1,13,0,0,1,2.56,0,68,116000,3.61
2020,0,0,0,1,1,0,2,2,51,1,0,0,2.67,0,140,117000,3.75
2022,0,0,0,1,1,0,3,2,2,0,0,1,2.46,0,89,120000,3.55
2020,0,0,0,1,1,1,1,3,48,1,0,1,1.44,0,136,123000,2.65
2020,0,0,0,1,1,1,3,1,2,0,0,0,2.53,0,143,128000,3.62
2019,0,0,0,1,1,1,2,5,2,0,0,0,2.79,0,141,130000,3.88
2021,1,0,0,1,1,1,3,3,2,1,0,1,2.75,0,103,130000,3.82
2022,0,0,0,1,2,1,1,2,2,1,0,0,1.68,0,88,130000,2.73
2022,0,0,1,1,1,0,4,2,42,1,0,1,1.67,0,58,130000,2.77
2020,1,0,0,1,1,0,2,3,49,0,0,1,1.76,0,122,134000,2.8
2021,0,0,1,1,1,0,4,4,2,0,0,1,2.88,0,139,135000,3.9
2020,0,0,0,1,1,0,2,3,2,1,0,0,2.54,0,143,135000,3.61
2021,0,0,0,1,1,1,4,1,2,1,1,0,1.76,0,121,135000,2.82
2020,0,0,0,1,2,1,3,2,2,0,0,0,2.54,0,97,135000,3.64
2019,0,0,0,1,1,1,3,2,2,0,0,1,1.54,0,143,144000,2.68
2021,0,0,0,1,2,1,2,2,10,0,0,0,1.46,0,119,144000,2.5
2019,1,0,0,1,1,0,6,7,2,0,0,0,2.91,0,141,150000,3.97
2021,0,0,1,1,1,1,3,3,2,0,0,0,1.8,0,116,155000,2.89
2021,1,0,0,1,1,1,5,3,2,0,0,0,2.78,0,89,158000,3.8
2021,1,0,0,1,1,1,3,8,34,0,0,1,1.65,0,64,165000,2.56
2020,1,0,0,1,1,1,2,4,2,0,0,0,2.32,0,113,170000,3.87
2020,0,0,1,1,1,0,3,1,10,0,0,0,1.57,0,143,170000,2.63
2021,1,0,0,1,1,1,3,3,2,1,0,0,2.85,0,100,190000,3.93
2020,0,0,0,1,1,0,3,1,35,0,0,0,2.74,0,137,190000,3.84
2020,0,0,0,1,1,1,3,7,2,0,1,0,2.13,0,107,235000,3.03
2021,1,0,0,1,1,1,6,1,2,0,0,0,2.91,0,81,250000,3.91
2019,0,0,0,1,1,0,3,2,2,1,0,0,1.43,0,143,255000,2.49
2019,0,0,0,0,1,0,2,5,51,0,0,0,1.98,0,145,300000,2.89
2020,1,0,0,1,1,0,1,5,2,0,0,1,2.91,0,103,10000,3.89
2020,1,0,0,1,1,0,2,3,61,0,0,1,2.5,0,128,25000,3.48
2023,0,0,0,1,1,1,5,5,2,0,0,0,2.85,0,28,25000,3.65
2020,0,0,0,1,2,1,5,6,55,0,0,0,2.2,1,60,28000,3.5
2020,1,0,1,1,1,1,3,5,65,0,0,1,2.48,0,105,30000,3.48
2020,0,0,0,1,1,0,4,3,64,0,0,0,2.87,0,138,30000,3.93
2022,1,0,0,0,1,0,2,4,65,0,0,1,2.56,0,54,30000,3.35
2021,0,0,0,1,1,0,4,7,2,0,0,1,2.31,0,109,30000,3.45
2018,0,0,0,1,1,0,3,3,2,0,1,1,2.45,0,143,32000,3.56
2022,0,0,1,1,2,1,4,5,55,0,0,1,2.09,0,100,34000,3.34
2019,0,0,0,1,2,1,3,3,32,1,0,0,2.45,0,144,37000,3.55
2020,0,0,1,1,1,0,2,3,38,0,0,0,2.67,0,143,37000,3.77
2022,0,0,0,1,2,0,2,3,14,0,0,1,1.89,0,97,37000,2.97
2021,0,0,1,0,1,1,2,3,35,0,0,0,2.67,0,90,38000,3.74
2022,1,0,0,1,1,0,2,2,18,1,0,0,2.74,0,68,39000,3.8
2018,0,0,1,1,1,0,3,8,55,1,0,1,1.61,0,123,40000,2.88
2018,0,0,0,1,1,0,4,2,51,1,1,0,2.54,0,144,40000,3.63
2020,0,0,0,1,1,0,2,3,44,1,0,1,1.46,0,139,40000,2.55
2020,1,0,0,1,1,0,2,2,2,0,0,0,2.65,0,138,40000,3.79
2021,0,0,1,1,1,1,3,3,17,0,0,0,1.88,0,124,42000,2.92
2022,1,0,0,1,3,1,2,3,43,1,0,1,2.77,0,77,42000,3.8
2020,0,0,1,1,1,0,4,6,55,0,0,0,1.98,0,66,45000,2.97
2022,0,0,1,1,1,0,2,3,4,0,0,1,1.81,0,72,45000,2.88
2021,0,0,0,1,1,0,2,3,25,0,0,1,2.87,0,125,46000,3.9
2022,0,0,0,1,1,0,2,4,2,0,0,1,1.76,0,27,46000,2.67
2022,0,0,0,1,1,1,3,2,8,0,0,0,2.34,0,109,47000,3.4
2021,0,0,0,1,1,0,5,5,2,0,0,1,2.07,0,132,48000,3.28
2020,0,0,1,1,2,0,2,2,54,0,0,0,2.45,0,132,48000,3.51
2020,0,1,0,1,1,0,5,3,35,1,0,1,2.66,0,135,48000,3.79
2020,1,0,0,1,1,0,6,2,2,0,0,0,2.77,0,144,49000,3.85
2022,0,0,1,1,1,0,5,3,2,1,0,0,2.63,0,75,49000,3.7
2020,1,0,1,1,1,1,3,2,45,0,0,0,2.81,0,135,50000,3.79
2021,0,0,0,1,1,0,2,3,2,0,0,1,2.44,0,56,50000,3.44
2021,0,0,1,1,1,1,1,5,36,0,0,1,2.5,0,66,50000,3.22
2021,0,0,0,1,1,1,2,6,2,0,0,1,2.55,0,112,50000,3.8
2022,0,0,0,1,1,0,3,5,2,0,0,1,2.22,0,79,50000,3.35
2021,0,0,0,1,1,1,3,3,2,0,0,1,2.56,0,108,53000,3.64
2020,0,0,0,1,1,0,3,7,2,0,0,0,1.99,0,121,55000,3.0
2020,0,0,0,1,1,0,3,2,9,0,0,1,1.56,0,143,55000,2.62
2020,0,0,0,1,1,0,4,2,44,0,0,1,2.67,0,143,55000,3.77
2020,0,0,0,0,1,1,4,6,2,0,0,0,2.31,0,138,55000,3.44
2020,0,0,0,1,1,1,2,3,41,1,0,1,1.26,0,143,56000,2.37
2019,0,0,1,1,1,1,1,4,33,0,0,1,1.55,0,143,57000,2.78
2021,0,0,0,1,1,1,2,2,2,1,0,0,2.64,0,129,59000,3.71
2021,0,0,0,1,1,1,1,2,2,1,0,0,2.76,0,134,59000,3.81
2020,0,0,0,1,1,1,4,7,53,0,0,0,1.62,0,99,60000,2.45
2020,1,0,1,1,1,1,2,4,45,0,0,0,2.88,0,109,60000,3.6
2021,0,0,0,1,1,1,3,6,55,1,0,1,2.61,0,130,60000,3.57
2021,1,0,0,1,1,1,1,2,2,0,0,1,2.85,0,66,60000,3.79
2019,0,0,0,0,1,0,5,10,2,0,0,0,2.19,0,111,60000,3.7
2021,0,0,0,1,1,1,2,4,28,1,0,1,1.9,0,97,60000,2.81
2020,0,0,1,1,2,1,5,7,40,0,0,0,1.89,0,117,60000,3.08
2021,0,0,0,1,1,0,1,10,2,0,0,1,2.77,0,136,60000,3.81
2021,0,0,0,1,2,1,2,8,61,0,0,0,1.4,0,61,60000,2.95
2021,1,0,0,1,1,0,5,4,20,0,0,0,1.76,0,68,60000,2.87
2021,1,0,0,1,1,0,5,2,2,0,0,1,2.66,0,102,60000,3.83
2021,0,0,0,1,1,0,2,2,10,1,0,1,1.56,0,107,62000,2.62
2022,0,0,0,1,1,0,3,3,2,0,0,1,2.87,0,61,62000,3.91
2019,1,0,0,1,1,0,4,7,52,1,0,0,2.09,0,129,64000,3.23
2021,0,0,1,1,1,1,5,2,51,0,0,1,1.56,0,120,64000,2.66
2020,1,0,0,1,2,0,7,3,2,0,0,0,2.78,0,138,65000,3.89
2021,0,0,0,1,1,1,1,2,34,0,0,1,2.45,0,103,65000,3.51
2022,0,0,0,1,1,0,3,3,61,0,0,0,2.78,0,35,65000,3.89
2019,0,0,0,1,2,0,5,3,2,0,0,1,1.67,0,143,66000,2.73
2020,0,0,0,0,1,1,2,9,2,0,0,0,1.55,0,134,66000,2.68
2023,0,0,1,1,1,0,2,10,42,0,0,0,1.87,0,35,66000,2.88
2022,0,0,0,1,1,1,4,2,50,0,0,0,1.56,0,65,66000,2.63
2021,0,0,1,1,1,0,2,6,2,0,0,1,2.7,0,66,67000,3.5
2021,0,0,0,0,1,0,2,2,54,1,0,1,2.76,0,113,67000,3.8
2021,0,0,0,1,1,1,2,3,35,1,0,0,1.45,0,88,67000,2.56
2020,0,0,1,1,1,1,5,6,55,0,0,0,1.55,0,77,68000,2.76
2021,0,0,0,1,1,0,2,2,52,0,0,0,2.67,0,101,68000,3.73
2021,0,0,0,1,2,1,2,3,51,0,0,1,2.86,0,119,68000,3.9
2020,0,0,0,1,2,0,4,2,45,0,0,0,2.03,0,59,70000,3.25
2019,0,0,0,1,1,0,4,7,61,0,0,0,2.31,0,140,70000,3.65
2021,1,0,0,0,1,1,4,3,2,0,0,0,2.66,0,109,70000,3.78
2022,0,0,1,1,1,0,6,3,2,0,0,0,2.11,0,87,70000,3.26
2022,0,0,0,1,1,0,3,3,2,0,0,0,1.67,0,77,70000,2.7
2019,1,0,0,1,1,1,3,5,63,0,0,1,2.4,0,139,71000,3.44
2021,0,0,1,1,1,0,3,10,6,1,0,0,1.55,0,34,73000,2.81
2022,1,0,1,1,1,1,5,9,55,0,0,1,2.55,0,72,73000,3.59
2021,0,0,0,1,1,1,1,3,52,1,0,1,2.45,0,123,74000,3.56
2019,1,0,0,1,1,0,6,2,2,0,0,1,2.77,0,139,75000,3.87
2021,0,0,0,1,1,1,3,3,2,0,0,0,2.53,0,95,75000,3.6
2022,0,0,1,1,2,1,3,3,15,1,0,1,1.65,0,73,75000,2.71
2021,0,0,1,1,2,0,3,9,36,0,0,0,2.32,0,46,77000,3.68
2020,0,0,0,1,1,1,1,2,41,0,0,0,2.61,0,144,77000,3.7
2020,0,0,1,1,1,1,2,3,24,1,0,0,1.55,0,143,77000,2.61
2021,0,0,1,1,1,1,4,8,2,0,0,1,2.23,0,45,77000,3.67
2018,0,0,1,1,1,1,1,3,28,1,0,1,2.45,0,122,78000,3.34
2020,0,0,1,1,2,0,1,3,55,0,0,0,2.11,0,132,78000,3.56
2020,0,0,0,1,1,0,3,5,42,0,0,0,1.59,0,132,78000,2.62
2019,0,0,0,1,1,1,5,3,2,1,0,0,2.56,0,143,78000,3.67
2021,0,0,1,0,1,1,6,3,2,0,0,0,2.76,0,97,78000,3.77
2021,0,0,0,1,1,1,2,3,2,0,0,1,2.76,0,124,78000,3.8
2021,0,0,0,0,1,0,3,2,2,0,0,0,2.61,0,98,79000,3.7
2020,1,0,0,1,1,0,1,3,2,0,0,0,2.75,0,143,79000,3.86
2020,1,0,0,1,1,1,2,3,55,0,1,0,1.98,0,125,80000,3.11
2020,1,0,0,1,1,0,6,3,2,0,0,0,2.77,0,125,80000,3.87
2022,0,0,0,1,1,1,2,5,43,0,0,1,1.79,0,71,80000,2.82
2022,0,0,1,1,1,0,3,2,2,1,0,0,1.88,0,74,80000,2.91
2020,0,0,1,1,2,1,3,7,37,0,0,0,2.38,0,109,81000,3.49
2021,0,0,1,1,1,0,4,5,2,0,0,1,2.08,0,113,83000,3.21
2022,0,0,1,1,1,0,5,7,36,0,0,0,1.89,0,56,86000,3.4
2021,0,0,1,1,1,1,2,5,7,1,1,1,1.21,0,139,87000,2.47
2020,0,0,0,1,1,1,3,6,28,0,0,1,1.81,0,117,87000,2.86
2022,0,0,0,1,2,1,5,8,2,0,0,1,2.45,0,124,87000,3.68
2018,0,0,0,1,1,1,2,2,2,0,0,1,1.56,0,143,88000,2.66
2020,0,0,0,1,1,1,3,3,2,1,0,0,1.6,0,143,88000,2.68
2020,0,0,1,1,1,0,2,3,26,1,0,0,1.81,0,144,88000,2.89
2021,0,0,0,1,1,0,3,2,2,1,0,1,1.76,0,96,88000,2.81
2020,0,0,0,1,1,0,2,2,51,1,0,1,1.57,0,135,89000,2.65
2020,0,0,0,1,1,1,3,5,2,0,0,0,2.05,0,85,90000,3.45
2021,0,0,0,1,1,0,3,1,34,1,0,0,2.38,0,130,90000,3.47
2021,0,0,0,0,1,1,2,2,2,1,0,0,2.67,0,93,90000,3.73
2022,0,0,0,1,1,0,3,2,2,0,0,1,1.56,0,71,90000,2.67
2021,0,0,0,1,1,1,2,3,2,1,0,1,1.91,0,109,94000,2.96
2020,0,0,1,1,2,1,3,2,36,1,0,0,1.89,0,113,95000,3.18
2021,0,0,0,1,1,0,4,6,2,0,0,0,2.76,0,109,95000,3.88
2020,0,0,0,1,1,1,3,3,2,1,0,0,2.76,0,144,96000,3.84
2022,1,0,0,1,1,1,5,2,41,1,0,0,2.7,0,78,97000,3.87
2019,0,1,0,1,1,0,2,3,2,0,0,0,2.56,0,143,98000,3.64
2022,0,0,1,1,1,0,1,2,43,1,0,1,1.81,0,71,98000,2.84
2020,0,0,0,1,2,0,2,8,64,0,0,0,2.53,0,76,100000,3.36
2019,0,0,0,1,1,1,2,7,55,1,0,1,2.54,0,84,100000,3.57
2019,0,0,0,1,1,1,4,4,45,0,0,1,2.45,0,16,100000,3.5
2020,1,1,0,1,1,0,8,2,2,0,0,0,2.91,0,97,100000,4.0
2022,0,0,0,1,1,1,1,2,24,0,0,1,2.67,0,78,100000,3.77
2019,0,0,0,1,1,0,5,8,42,0,0,1,2.33,0,144,110000,3.88
2021,0,0,1,1,1,1,1,3,2,1,0,0,2.87,0,140,110000,3.91
2020,0,0,1,0,1,1,3,9,2,0,0,0,2.09,0,119,110000,3.23
2020,0,0,1,1,1,1,2,3,42,1,0,1,1.67,0,124,112000,2.73
2022,0,0,1,1,1,1,1,10,16,1,0,0,1.15,0,75,112000,2.39
2022,0,0,0,1,1,0,2,3,2,1,0,1,2.56,0,68,113000,3.64
2021,0,0,0,0,1,0,3,3,2,0,0,0,1.99,0,88,120000,2.94
2023,1,0,0,1,1,1,6,4,2,0,1,0,2.78,0,29,120000,3.8
2020,0,0,0,1,1,1,3,7,2,0,0,0,2.21,0,137,122000,3.3
2020,0,0,0,1,1,0,3,3,2,0,0,0,1.46,0,143,122000,2.51
2020,1,0,0,1,2,0,2,2,31,1,0,0,2.67,0,136,127000,3.78
2020,0,0,1,0,1,0,5,7,2,0,0,1,2.32,0,123,130000,3.78
2022,0,0,0,1,1,1,4,7,44,0,0,0,2.22,0,59,133000,3.41
2022,0,0,0,1,1,0,4,7,45,0,0,1,1.88,0,29,140000,2.97
2020,0,0,1,1,1,0,2,3,39,1,0,0,1.45,0,135,140000,2.52
2020,0,0,0,1,1,1,3,2,52,1,0,0,1.54,0,121,144000,2.62
2021,0,0,0,1,1,1,3,3,2,0,0,1,2.78,0,89,145000,3.86
2019,0,0,0,1,1,0,2,3,45,0,0,0,2.1,0,139,150000,3.41
2020,0,0,0,0,1,0,5,2,2,1,0,1,2.57,0,144,150000,3.63
2022,0,0,0,1,1,1,2,4,2,0,0,0,2.44,0,68,155000,3.59
2019,0,0,1,1,1,0,3,2,43,1,1,0,1.67,0,139,160000,2.77
2021,0,0,1,1,1,1,3,5,2,0,0,0,1.55,0,92,165000,2.61
2021,0,0,0,1,2,1,2,2,2,1,0,0,2.34,0,103,165000,3.42
2021,0,0,0,1,1,1,2,6,45,1,0,0,1.54,0,90,169000,2.95
2020,0,0,0,1,1,0,4,5,36,0,0,1,2.0,0,71,170000,3.03
2020,0,0,1,1,1,0,2,10,20,1,0,1,1.35,0,105,200000,2.66
2020,0,0,0,1,1,0,6,3,2,0,0,1,2.64,1,70,200000,3.34
2020,0,0,0,1,1,0,3,8,20,1,0,0,1.7,0,95,200000,3.0
2020,0,0,1,1,1,0,3,7,53,0,0,0,2.9,0,125,200000,3.93
2020,0,0,0,1,1,0,5,6,45,0,0,1,1.9,0,99,200000,3.1
2020,0,0,0,1,1,0,3,9,40,0,0,0,2.01,0,126,250000,3.08
2021,1,0,0,1,1,0,5,2,2,0,0,1,2.33,0,104,277000,3.89
2020,1,1,1,1,1,0,6,4,36,0,0,0,1.6,0,30,20000,2.9
2020,1,1,1,1,1,0,4,3,62,0,0,0,2.67,0,140,30000,3.4
2022,0,1,1,1,1,1,2,1,61,0,0,1,1.05,0,18,30000,2.8
2022,0,1,0,0,1,1,7,3,2,1,0,1,1.47,0,88,32000,2.54
2022,0,1,0,1,1,1,2,1,2,1,0,1,1.58,1,14,35000,1.42
2021,0,1,0,1,1,1,6,4,55,0,0,0,2.45,0,40,35000,2.39
2021,0,1,1,1,1,0,3,2,54,0,0,0,1.87,0,136,35000,2.8
2020,0,1,1,1,1,0,3,8,36,0,0,0,2.33,0,128,37000,3.47
2020,0,1,0,1,1,0,1,2,2,1,0,0,2.9,0,144,37000,3.92
2021,0,1,0,1,1,0,3,5,28,1,0,0,1.78,0,97,37000,2.63
2020,0,1,0,1,1,0,4,7,2,0,0,0,2.77,0,139,38000,3.91
2021,0,1,0,1,1,0,4,5,2,0,0,0,1.98,0,111,39000,3.03
2020,0,1,1,1,1,1,5,11,10,0,0,1,1.43,0,107,40000,2.65
2021,1,1,0,1,1,0,5,3,2,0,0,0,2.77,0,129,42000,3.96
2020,1,1,1,1,1,0,2,3,15,1,0,0,2.81,0,144,43000,3.9
2020,0,1,1,1,2,0,3,3,36,0,0,0,2.1,0,137,45000,3.2
2020,0,1,0,1,1,1,2,2,34,1,0,0,1.87,0,144,45000,2.92
2022,1,1,0,1,2,1,1,7,2,0,0,1,2.58,0,39,45000,3.74
2021,0,1,0,1,1,0,3,7,45,1,0,1,1.77,0,109,45000,2.82
2018,0,1,0,1,1,0,3,7,53,1,0,1,2.16,0,143,46000,3.33
2020,1,1,0,0,2,1,1,2,2,0,0,0,2.53,0,132,50000,3.81
2022,0,1,0,1,1,0,3,3,64,0,0,1,2.75,0,18,50000,3.64
2020,0,1,1,1,1,1,3,7,36,0,0,1,2.01,0,131,50000,3.15
2021,1,1,1,1,1,1,3,3,41,0,0,1,2.77,0,129,50000,3.8
2019,0,1,1,1,1,0,5,11,45,0,0,0,2.04,0,143,51000,3.16
2021,1,1,1,1,1,0,5,4,25,0,0,1,2.01,0,101,51000,3.13
2021,0,1,1,1,1,1,3,3,5,0,0,1,1.87,0,117,52000,2.93
2020,1,1,0,1,1,1,6,3,2,0,0,0,2.02,0,134,53000,3.11
2021,0,1,0,1,1,1,3,6,36,0,0,1,1.98,0,105,53000,2.97
2020,0,1,1,1,1,1,4,5,2,0,0,0,2.56,0,132,55000,3.79
2019,0,1,1,1,1,1,3,2,2,1,0,0,1.54,0,136,55000,2.66
2020,0,1,0,1,1,1,3,1,2,0,0,0,1.56,0,143,55000,2.65
2022,0,1,0,1,1,1,3,3,6,0,0,1,1.88,0,77,55000,2.98
2020,0,1,0,0,2,0,1,2,2,0,0,0,2.76,0,136,55000,3.8
2022,0,1,0,1,1,1,3,2,50,0,0,1,1.56,0,67,55000,2.97
2019,0,1,1,1,2,1,1,9,27,1,0,0,1.24,0,137,56000,2.35
2020,0,1,1,1,1,1,5,4,55,0,0,1,1.95,0,139,58000,2.92
2021,0,1,0,1,2,1,1,2,20,1,0,0,1.65,0,139,59000,2.7
2018,0,1,1,1,1,0,3,8,54,1,0,0,1.11,0,95,60000,2.35
2020,0,1,0,1,1,0,1,8,36,0,0,0,1.71,0,118,60000,2.82
2020,1,1,1,1,1,1,4,5,61,1,0,1,1.33,0,104,60000,2.99
2021,0,1,0,0,1,1,2,3,2,1,0,1,2.56,0,106,60000,3.63
2022,1,1,0,1,1,0,4,3,2,0,0,0,2.81,0,51,60000,3.97
2020,1,1,0,1,1,0,2,1,2,0,0,0,2.73,0,135,61000,3.81
2021,0,1,0,1,1,0,7,3,54,0,0,0,1.88,0,132,64000,2.9
2022,1,1,1,1,1,1,2,3,55,0,0,0,2.33,0,43,65000,3.68
2019,0,1,1,1,2,0,3,5,2,0,0,1,2.22,0,132,66000,3.45
2021,0,1,0,1,1,0,2,3,16,0,0,0,1.45,0,117,66000,2.53
2022,0,1,1,1,2,1,4,3,2,0,0,0,1.76,0,62,66000,2.82
2022,1,1,0,1,2,1,5,3,2,0,0,1,2.66,0,58,67000,3.79
2020,0,1,0,1,1,1,2,2,15,1,0,1,2.55,0,143,68000,3.6
2020,0,1,0,1,1,0,4,3,52,0,0,1,2.71,0,143,68000,3.78
2022,0,1,0,1,2,0,3,8,53,0,0,0,2.22,0,87,68000,3.19
2021,0,1,1,1,1,1,1,7,45,1,1,0,1.95,0,43,68000,2.88
2021,1,1,1,1,1,0,2,1,2,0,0,1,2.77,0,56,70000,3.56
2019,1,1,0,1,1,1,7,2,2,0,0,0,2.75,0,125,70000,3.93
2021,1,1,0,1,1,0,6,6,2,0,0,1,2.61,0,35,70000,3.78
2020,0,1,1,1,1,0,6,4,6,1,0,1,1.35,0,105,70000,2.65
2020,0,1,0,1,1,0,1,2,52,1,0,0,2.44,0,135,70000,3.56
2022,0,1,0,1,2,1,4,2,2,0,0,1,1.56,0,78,70000,2.64
2022,0,1,0,1,1,0,3,2,2,0,0,1,1.76,0,58,70000,2.84
2022,0,1,0,1,1,1,5,6,36,0,0,1,1.9,0,89,71000,3.13
2021,0,1,0,1,1,0,4,6,2,0,0,1,1.99,0,79,71000,3.05
2022,0,1,0,1,1,0,1,2,26,1,0,0,2.43,0,107,71000,3.55
2019,0,1,0,1,2,0,5,2,56,0,0,0,1.67,0,137,74000,2.74
2020,1,1,0,1,1,0,4,2,2,1,0,0,2.78,0,143,74000,3.83
2020,1,1,0,1,2,0,3,6,2,0,0,0,1.81,0,137,75000,2.95
2020,1,1,0,1,1,1,7,2,2,0,0,0,2.91,0,139,75000,3.97
2023,0,1,1,1,1,0,3,5,2,0,0,0,2.65,0,27,75000,3.57
2019,0,1,1,1,2,0,4,6,42,0,0,1,2.23,0,145,76000,3.65
2020,0,1,1,1,2,0,3,6,51,0,0,0,2.13,0,98,77000,3.28
2019,1,1,0,1,1,1,5,5,2,0,0,1,2.66,0,145,77000,3.85
2020,0,1,1,0,1,1,3,3,2,0,0,1,2.87,0,143,77000,3.9
2022,0,1,1,1,2,1,2,3,34,0,0,1,2.65,0,95,77000,3.75
2021,0,1,1,0,1,1,2,1,2,0,0,0,1.38,0,134,77000,2.51
2019,1,1,1,0,1,0,5,12,2,0,0,1,2.19,0,103,78000,3.45
2020,0,1,0,0,1,0,3,6,45,0,0,0,2.11,0,101,78000,3.46
2020,0,1,0,1,1,1,1,2,34,1,0,0,1.78,0,143,78000,2.8
2021,0,1,0,1,1,0,3,5,2,0,0,0,2.45,0,100,78000,3.76
2021,0,1,0,1,1,1,2,2,2,1,0,0,2.67,0,132,79000,3.7
2021,1,1,1,1,1,1,3,2,2,1,0,1,2.61,0,123,79000,3.77
2020,1,1,1,1,1,0,6,6,45,0,0,1,1.61,0,133,80000,2.81
2020,0,1,0,1,1,0,1,5,2,0,0,1,2.89,0,102,80000,3.89
2021,0,1,0,1,1,1,2,3,2,1,0,0,1.68,0,101,80000,2.71
2020,0,1,0,1,1,1,1,3,2,0,0,1,1.63,0,143,80000,2.7
2021,0,1,0,1,1,0,2,2,61,0,0,1,1.56,0,97,80000,2.64
2020,0,1,0,1,1,1,4,2,2,1,0,1,2.75,0,143,81000,3.8
2020,1,1,0,0,1,0,6,3,2,0,0,0,2.56,0,115,85000,3.95
2020,0,1,0,1,1,0,2,1,2,1,0,0,2.56,0,143,86000,3.66
2019,0,1,0,1,1,1,5,3,54,1,0,0,1.76,0,143,87000,2.89
2020,0,1,0,1,1,1,2,3,44,1,0,0,2.87,0,139,88000,3.91
2022,0,1,0,1,1,1,3,2,20,0,0,0,1.56,0,88,88000,2.63
2019,1,1,0,1,2,1,2,4,2,0,0,1,2.57,0,145,89000,3.88
2019,0,1,1,1,1,1,4,3,46,0,0,0,1.5,0,143,89000,2.63
2021,0,1,0,1,1,0,3,1,2,0,0,0,2.55,0,135,89000,3.6
2022,1,1,0,1,1,1,5,4,2,0,0,1,2.56,0,29,89000,3.89
2019,1,1,1,0,1,1,6,2,2,0,0,1,2.87,0,143,90000,3.94
2019,0,0,0,0,1,1,1,5,2,0,0,1,2.48,0,144,90000,3.78
2021,0,1,0,1,1,0,1,10,55,0,0,0,1.35,0,98,90000,2.65
2020,0,1,1,1,1,0,5,8,2,0,0,0,1.56,0,99,90000,2.98
2021,0,1,0,1,1,1,4,4,32,1,0,1,1.66,0,105,90000,2.45
2022,0,1,0,0,2,0,2,3,2,0,0,1,1.86,0,60,93000,2.91
2023,0,1,0,1,1,0,4,3,2,0,0,0,2.77,0,30,95000,3.83
2022,0,1,0,1,1,0,1,3,23,1,0,0,2.81,0,83,95000,3.9
2021,1,1,0,1,1,1,2,3,2,1,0,0,2.75,0,120,96000,3.81
2019,0,1,0,1,1,1,5,3,34,0,0,1,1.56,0,143,97000,2.63
2020,1,1,0,1,1,0,2,6,2,0,0,0,2.91,0,91,97000,3.98
2022,0,1,0,0,1,0,2,2,24,0,0,0,1.54,0,68,97000,2.63
2019,0,1,0,1,1,0,3,3,52,1,1,0,1.78,0,143,98000,2.83
2022,1,0,1,1,1,1,8,10,36,1,0,1,2.9,0,60,100000,3.88
2020,0,1,0,1,2,1,3,3,26,1,0,0,2.67,0,116,100000,3.75
2021,0,1,1,0,1,0,4,5,2,0,0,0,2.33,0,102,100000,3.45
2020,0,1,0,1,1,1,3,3,35,0,0,0,2.76,0,123,110000,3.56
2021,0,1,1,1,1,0,5,9,28,1,0,0,1.23,0,89,110000,2.76
2020,0,1,1,1,1,0,2,3,25,1,0,0,2.35,0,135,116000,3.48
2020,0,1,0,1,1,0,4,3,41,1,0,1,1.34,0,103,117000,2.48
2019,1,1,0,1,1,0,6,3,55,0,0,1,2.07,0,144,119000,3.12
2020,0,1,1,1,1,1,4,2,2,1,0,0,2.56,0,143,120000,3.6
2022,0,1,0,1,1,0,3,2,30,0,0,1,1.77,0,78,120000,2.8
2022,0,1,0,1,1,0,3,3,33,1,1,0,2.67,0,78,120000,3.77
2019,0,1,0,1,1,1,2,3,2,0,0,1,1.86,0,143,121000,2.93
2022,0,1,0,1,1,1,1,3,2,1,0,1,1.87,0,68,121000,2.94
2021,0,1,1,1,2,0,2,9,45,1,0,1,1.22,0,107,130000,2.78
2022,0,1,0,1,1,1,3,2,2,1,0,1,1.4,0,77,130000,2.54
2022,0,1,1,1,1,1,3,1,2,0,0,1,1.78,0,59,135000,2.83
2022,0,1,0,1,1,0,4,3,43,0,0,1,1.77,0,63,136000,2.85
2019,0,1,0,0,2,0,5,5,2,0,0,0,2.55,0,143,137000,3.66
2021,0,1,0,1,2,0,1,2,2,0,0,0,2.65,0,125,140000,3.88
2019,1,1,0,1,1,1,5,3,10,1,0,1,2.81,0,143,144000,3.9
2021,0,1,0,1,1,1,2,3,2,0,0,1,2.34,0,113,167000,3.44
2020,0,1,0,1,1,1,2,3,52,1,0,0,2.35,0,143,170000,3.43
2021,0,1,1,1,1,1,1,2,17,1,0,0,2.65,0,100,180000,3.77
2022,1,1,0,1,1,1,4,4,2,1,0,1,2.5,0,18,200000,2.22
2021,0,1,0,0,1,1,3,2,2,1,0,0,1.56,0,100,200000,2.78
2019,0,1,0,1,1,0,5,3,2,0,0,1,1.4,0,136,210000,2.52
2018,0,1,1,1,1,1,3,5,2,0,0,0,1.34,0,88,250000,2.88
